Date,Close_GOOGL,High_GOOGL,Low_GOOGL,Open_GOOGL,Volume_GOOGL
2021-08-18,134.25851440429688,135.89946615420885,134.13213260953893,135.30027185515118,19258000
2021-08-19,134.48748779296875,135.15407772890381,133.0700634643301,133.25393417544944,21782000
2021-08-20,136.22161865234375,136.34502089676778,134.06127020467258,134.80467835737872,31194000
2021-08-23,138.81063842773438,139.63630956779562,136.39802587425726,136.75684366705852,28454000
2021-08-24,140.01991271972656,140.83121539533298,139.10502114709683,139.37561670216243,19268000
2021-08-25,140.83023071289062,140.9397636176069,140.13342175774235,140.38022622324365,15848000
2021-08-26,140.1973419189453,141.1657446019955,140.1145645733413,140.50411569948363,20610000
2021-08-27,142.73831176757812,143.2423415908645,140.25334264721428,140.40747821898057,28780000
2021-08-30,143.3196563720703,144.68753203308154,142.89590833586342,143.13082479723923,24434000
2021-08-31,143.4257049560547,143.89553786032653,143.01287695186656,143.8712627569478,22448000
2021-09-01,143.9391632080078,144.96853350536102,143.61008051608152,143.72555741436526,21936000
2021-09-02,142.02761840820312,144.2404946102544,141.9265099500036,143.9396648071746,32342000
2021-09-03,142.4761505126953,142.88799546511845,141.14891473928407,141.82294596604638,19850000
2021-09-07,143.0123748779297,143.29437443751178,142.35668998079893,142.57029576143597,20124000
2021-09-08,142.42803955078125,143.1308075175627,141.7431186990499,142.8334564312198,18344000
2021-09-09,142.2793731689453,143.04211051634226,141.9190731671668,142.57624028484273,15314000
2021-09-10,139.6378173828125,143.44654360921768,139.50102981067184,142.94497909491773,36840000
2021-09-13,141.0814971923828,141.6935625224341,140.00850740514775,140.7018527362788,22094000
2021-09-14,141.2916259765625,142.10294377890315,140.50411441226078,141.73866598781828,19674000
2021-09-15,143.1600799560547,143.1808915102632,140.10516764345076,141.51664778400357,27408000
2021-09-16,142.3477783203125,143.03171616692714,141.14990398479992,142.68528546421356,26190000
2021-09-17,139.56246948242188,142.18917178562248,139.23536813670114,141.7733642211635,53384000
2021-09-20,137.50025939941406,137.77829631791283,135.12384006043985,136.94716512358414,46518000
2021-09-21,137.81097412109375,138.78087395802407,137.06260535393932,138.5211682162939,25332000
2021-09-22,139.05050659179688,139.64870264345097,137.33373489370697,138.07962340432297,25056000
2021-09-23,139.97479248046875,140.45106842397635,139.16745257610253,139.74830050669846,20952000
2021-09-24,140.96502685546875,141.07952064576384,139.00837789075337,139.30326368063228,22984000
2021-09-27,139.83209228515625,140.69097726660868,138.83641973309338,139.5669415885207,21882000
2021-09-28,134.6361541748047,137.87393879510293,134.17028392552325,137.4363214393238,45772000
2021-09-29,133.17262268066406,135.94553512593572,132.68842135183831,135.7760328990303,30848000
2021-09-30,132.50106811523438,134.35116361737062,132.3821276786133,133.08143210735338,37996000
2021-10-01,135.34288024902344,135.70715804170354,132.8945886396275,133.26579353336834,35360000
2021-10-04,132.48472595214844,134.7654966784679,129.89816454860028,134.7654966784679,51202000
2021-10-05,134.8274688720703,136.01841621357198,132.86289428566997,132.86289428566997,32404000
2021-10-06,136.3559112548828,136.53928282638935,133.3674114045409,133.56565053252967,24364000
2021-10-07,138.00128173828125,138.81110201152154,137.43232185484638,137.6712009127168,25110000
2021-10-08,138.556884765625,139.097576749606,137.99386876227683,138.3502060903865,26526000
2021-10-11,137.6930389404297,139.47523981927662,137.6385144893524,138.0677224984153,17954000
2021-10-12,135.24972534179688,138.28084658816041,134.56677058487705,138.25407591116456,36332000
2021-10-13,136.37278747558594,136.7871129322512,135.31912671269674,136.19486075177014,19654000
2021-10-14,139.91038513183594,140.09523891303556,137.6048250070832,138.24812282051505,31894000
2021-10-15,140.12547302246094,140.47240282360914,139.51786944318084,140.3698121513104,30274000
2021-10-18,141.52308654785156,141.54093366501112,139.82960687486855,139.8365491009501,20396000
2021-10-19,141.97801208496094,142.39977866928137,141.3466175561995,142.1271867181515,20164000
2021-10-20,140.52294921875,142.28433864697428,140.1338971977449,142.0781590742051,23288000
2021-10-21,140.63893127441406,140.90656241415812,139.26511158996246,140.52295525974566,26292000
2021-10-22,136.35739135742188,139.34737337961698,134.86016945665278,137.926969706927,50588000
2021-10-25,136.23895263671875,136.787086020702,134.23372308873442,136.34104419991752,34412000
2021-10-26,138.08407592773438,138.85175904468622,137.08890257767035,138.03947326185792,49236000
2021-10-27,144.932373046875,147.34348862949798,138.17974904752617,138.17974904752617,85782000
2021-10-28,144.56707763671875,145.8645780331488,143.35581813063857,145.84128603540435,36206000
2021-10-29,146.74478149414062,146.93905794038585,143.37813478343114,143.80286589775253,43320000
2021-11-01,142.23574829101562,146.74477665621114,141.96663496333343,146.74477665621114,46924000
2021-11-02,144.15426635742188,145.32042434345115,143.06690793959632,143.30876665267616,33482000
2021-11-03,145.3095245361328,145.37989965427468,143.32016075699752,144.61814533980774,27494000
2021-11-04,146.96434020996094,148.41745854274853,145.02205961897133,145.83138101023934,38412000
2021-11-05,147.543701171875,149.00622700469464,146.89445936853247,147.85840028668068,38354000
2021-11-08,147.72113037109375,149.29120778593392,147.1258987759427,148.50814284863625,23052000
2021-11-09,147.60960388183594,148.51755318741476,145.9508052596348,147.92133853788505,19530000
2021-11-10,144.61119079589844,146.76857441866247,143.2671214393326,146.20357706440018,29970000
2021-11-11,144.4853057861328,146.2387698135398,144.32076445094071,145.20195824365715,16518000
2021-11-12,147.3712158203125,147.54171627859984,144.13293221150644,145.32684378573572,22360000
2021-11-15,147.14720153808594,148.2350588729297,146.27791087379003,147.59176109433906,23508000
2021-11-16,146.57627868652344,147.45497691847146,146.01772444610071,146.84737335766715,18904000
2021-11-17,146.7457733154297,147.25376579403348,145.9458745981903,146.72644398004232,19594000
2021-11-18,148.52151489257812,149.25699753565374,146.58469452521086,146.9385513960959,35608000
2021-11-19,147.61753845214844,149.6396167460154,147.5902837878737,148.6573144815026,33682000
2021-11-22,145.01611328125,148.51260548030166,144.86297594328792,148.0199796793374,30594000
2021-11-23,144.50067138671875,145.3709602825968,142.84833094604366,144.86841272271184,27218000
2021-11-24,144.83570861816406,144.96407174008007,143.1040693827115,144.19489123717437,18040000
2021-11-26,140.93331909179688,143.28694554808493,140.59581194677827,143.0797828608647,30470000
2021-11-29,144.2513885498047,145.0116454494308,142.6287680714975,142.73433830106399,32596000
2021-11-30,140.65032958984375,144.71676490782465,140.3569260142656,143.73397863340372,42068000
2021-12-01,139.81175231933594,144.66769552061407,139.67348254273247,142.73433859612626,34020000
2021-12-02,141.70944213867188,142.60004356233455,138.98211518195825,140.0085210717419,29194000
2021-12-03,140.75340270996094,143.13082014038355,139.06784841754663,142.4181454494306,41230000
2021-12-06,141.8967742919922,142.5881383480877,138.91818113605103,141.7832787246902,30618000
2021-12-07,145.97512817382812,146.23433489507894,143.9510682210104,144.31682829453172,32240000
2021-12-08,146.884033203125,147.0887305485921,145.11919542765767,146.29922253666786,24270000
2021-12-09,146.3408660888672,147.78952259539568,145.82196873525865,146.29378297525568,23270000
2021-12-10,146.70065307617188,147.66807257838894,145.41455669964134,147.3930152629516,24458000
2021-12-13,144.5447998046875,146.66945372410888,144.23851000057718,146.48260348264037,27070000
2021-12-14,142.64215087890625,143.21011265403155,139.9738104375734,142.7026193273764,38446000
2021-12-15,145.15386962890625,145.43140739427682,140.432732932182,142.14852130912658,36370000
2021-12-16,143.17544555664062,146.37903341060957,142.34479835563232,145.8769849184342,33650000
2021-12-17,140.47935485839844,142.57031110994896,140.05808724892535,141.2475371685675,50416000
2021-12-20,140.3623809814453,140.52841967849685,138.09647759296158,138.7695105661895,27192000
2021-12-21,142.21148681640625,142.60450151263055,139.26758970259098,140.80495248159482,28756000
2021-12-22,145.1280975341797,145.2123570924687,141.81003144963466,141.81003144963466,26322000
2021-12-23,145.62521362304688,146.94054613463166,145.16478825775857,145.2123704862323,26384000
2021-12-27,146.6064910888672,147.0401457449663,145.87596932932522,145.9617111068582,15976000
2021-12-28,145.39773559570312,146.99556692664365,144.77080262744354,146.93311713711037,18200000
2021-12-29,145.36599731445312,146.12130842393856,144.36736044495242,145.35559153853998,17788000
2021-12-30,144.9154815673828,146.00532013112664,144.71129848162374,145.40464374216947,15688000
2021-12-31,143.578857421875,145.40912459334086,143.578857421875,144.76632590571236,18136000
2022-01-03,143.71714782714844,144.56909064299023,142.44988137611608,143.78008160886833,28646000
2022-01-04,143.13034057617188,145.19750561007717,142.45334497286012,144.11807263912576,28400000
2022-01-05,136.56407165527344,143.22947169597063,136.47784586832228,143.15067212571708,54618000
2022-01-06,136.5367889404297,138.71002316784708,135.35824405520043,135.79437916865325,37348000
2022-01-07,135.81271362304688,137.23163499485634,134.57320114440378,136.93128920152486,29760000
2022-01-10,137.45069885253906,137.59938954533916,131.9940937569273,133.89077354018556,44408000
2022-01-11,138.5078125,138.9836045313537,135.49107504085617,136.7940204323314,28730000
2022-01-12,140.18743896484375,141.35459515725228,139.45791529880384,139.90940202922133,26108000
2022-01-13,137.36892700195312,141.59445882785775,137.1924825382084,140.29596006685344,31436000
2022-01-14,138.25454711914062,139.5049643525977,135.79436777383097,135.8741504250452,29662000
2022-01-18,134.80267333984375,135.92620981691346,134.24809688423744,134.9781195690153,34872000
2022-01-19,133.92893981933594,136.74695452608606,133.82882958181867,135.32357116715727,28648000
2022-01-20,132.1358184814453,136.41637384209355,131.79583090485298,135.05246087078947,29908000
2022-01-21,129.20579528808594,133.68011249754008,128.94312507327743,131.42809390052594,55652000
2022-01-24,129.65432739257812,130.04982252537027,123.40573418952586,124.87074048240562,76622000
2022-01-25,125.81932067871094,128.26166818247938,125.38864558275658,127.6084637559973,46960000
2022-01-26,128.0971221923828,131.8310108586025,126.0244974232128,129.96654697196033,49130000
2022-01-27,127.87113189697266,131.4865641925573,127.7992594466559,130.14992113768704,31950000
2022-01-28,132.17893981933594,132.18439982716436,127.3557110756648,128.51938847818633,34362000
2022-01-31,134.11428833007812,134.28230836211273,131.0474879109952,132.9828264004286,39986000
2022-02-01,136.4342041015625,136.58189655421876,133.1874959638718,136.38513965543686,68644000
2022-02-02,146.69915771484375,150.21447942925087,144.2434402937636,149.9205919214197,123200000
2022-02-03,141.83233642578125,148.35946558582248,141.41156796467584,144.42485698358425,71518000
2022-02-04,142.03353881835938,143.60163470292892,139.27995591119637,142.18371170014618,57998000
2022-02-07,137.97752380371094,142.9821426046324,137.67915934204296,142.9821426046324,54974000
2022-02-08,138.1737823486328,138.76949792204235,135.80975027534387,137.80455878303823,54284000
2022-02-09,140.34750366210938,141.27181794404441,138.95485380934457,139.72453341095786,40144000
2022-02-10,137.40164184570312,140.24096723376755,136.74447462445005,138.4756300439531,39330000
2022-02-11,133.10226440429688,137.93341878729322,132.22751362039665,137.38182183921865,39958000
2022-02-14,134.33482360839844,135.10202275464846,132.08527017678978,132.08527017678978,34302000
2022-02-15,135.40782165527344,136.8946378100411,134.62773623845976,136.36135685706915,26680000
2022-02-16,136.5273895263672,136.87232287322377,133.7381120163284,135.44547612196956,25022000
2022-02-17,131.37408447265625,135.90837156390384,131.31411513265346,135.04552392763165,38950000
2022-02-18,129.2568359375,132.89161259379068,129.05215373124426,132.29390062238596,45620000
2022-02-22,128.6725311279297,131.01871597493778,127.09649469482315,128.69680623013534,44990000
2022-02-23,126.46658325195312,130.89035389025435,126.40661391799688,130.49139522919555,32786000
2022-02-24,131.5247344970703,131.8310242930199,123.85524617381691,123.85524617381691,54456000
2022-02-25,133.2777099609375,134.0825696110589,130.5935034058996,132.37818496175834,36406000
2022-02-28,133.8699493408203,134.5583337933557,131.427102602085,131.88058572904305,38864000
2022-03-01,132.88319396972656,135.0579106140199,132.04761612674722,133.69301448970344,26496000
2022-03-02,133.38870239257812,134.07362324299785,131.90188646501582,133.44470905944584,23520000
2022-03-03,132.7226104736328,135.2402787650286,131.8562842947509,134.8145494526599,24604000
2022-03-04,130.74713134765625,132.6750434625872,129.19192148220066,131.75916874799498,30430000
2022-03-07,125.26773071289062,130.57714987008313,125.18496092413871,130.33232674161766,45112000
2022-03-08,125.98735046386719,130.0964149357728,124.56991874531153,125.14036103345764,40428000
2022-03-09,132.247314453125,132.5600473216055,128.75874807277455,130.09638929835302,37026000
2022-03-10,131.26553344726562,132.10062719921083,129.76186860445603,130.1122619277312,27102000
2022-03-11,128.72901916503906,132.6195239239846,128.49212139674947,132.31521548383986,31526000
2022-03-14,124.84397888183594,129.26279649048794,124.17392551133625,129.10519737260148,38812000
2022-03-15,128.06243896484375,128.71317811067638,124.61550282436785,125.85996865327388,30920000
2022-03-16,132.10906982421875,132.16109871004574,127.60302044405091,129.58395977320907,35576000
2022-03-17,132.6626434326172,132.90202164574634,131.02317416057818,131.9787056808196,28264000
2022-03-18,134.92904663085938,135.0465048489617,131.0960307543159,132.2517827162383,44566000
2022-03-21,134.9052734375,135.84543842143734,132.9139283478914,134.96672499602926,26832000
2022-03-22,138.638671875,139.81028984562343,134.905281506743,134.905281506743,35496000
2022-03-23,137.06016540527344,138.36162868482575,136.62354624695533,137.48341434965386,25154000
2022-03-24,140.32769775390625,140.37428175630868,136.53978312219112,137.97653660408002,26396000
2022-03-25,140.42784118652344,140.78665908726674,138.50935119243377,140.6687017104375,24126000
2022-03-28,140.21218872070312,140.7543779854555,138.58262624126357,139.66205900281543,35050000
2022-03-29,141.25296020507812,142.52964906026023,140.79006955797232,141.39372554579415,34318000
2022-03-30,140.69097900390625,141.4661035387116,140.35545318525374,141.20789506521558,19884000
2022-03-31,137.84521484375,140.85898818058075,137.80259350469294,140.80446372092825,37524000
2022-04-01,138.9186553955078,139.23633402944955,137.09185200361182,138.27387545627863,25942000
2022-04-04,141.71485900878906,142.4488593916899,139.07725215170152,139.12483437310286,25942000
2022-04-05,139.35531616210938,141.73371683584432,139.14865258935774,141.6132941655978,21418000
2022-04-06,135.34783935546875,138.13561937873442,134.3258953417317,137.53048114777272,32468000
2022-04-07,134.69415283203125,135.95893878121728,133.0477410449295,134.81457550647184,26234000
2022-04-08,132.11599731445312,134.4775488545769,131.7968213100517,134.39180707525873,25142000
2022-04-11,127.69122314453125,130.9314878851211,127.5375867080851,130.66485501072566,36884000
2022-04-12,126.59198760986328,130.44334266181815,125.67462307577014,130.44334266181815,32710000
2022-04-13,128.7523193359375,129.18845446203287,126.61824282890016,126.87496906105243,27928000
2022-04-14,125.61614227294922,129.3326910511807,125.48827070120589,129.3326910511807,31598000
2022-04-18,126.55431365966797,127.0855981275949,125.07295002814799,125.88376118192888,20808000
2022-04-19,128.8663330078125,129.1874752778057,125.88327780821626,126.56919704178952,26490000
2022-04-20,126.91461181640625,130.24409728114765,126.37936469139383,129.74154970357304,31696000
2022-04-21,123.71746826171875,128.95502227336507,123.43199758034922,128.11398446155997,36446000
2022-04-22,118.583984375,124.2998031690539,117.8797341417918,123.90133604882998,56884000
2022-04-25,121.99225616455078,122.19396638087383,117.46936605512546,118.05417670442226,46128000
2022-04-26,117.6071548461914,121.43322887611035,117.46937661496328,121.21962308439458,73054000
2022-04-27,113.28993225097656,116.2115203098223,111.74562732959535,113.46338958402451,91820000
2022-04-28,117.48077392578125,118.59786733984906,113.11201138291597,115.39179910794181,48884000
2022-04-29,113.10655212402344,116.88356150708636,112.8141467885434,115.7084801576087,42676000
2022-05-02,115.5583267211914,115.71939696071765,111.61033248451041,112.40825746611199,35534000
2022-05-03,116.30271911621094,117.40098229604361,115.01464126005,115.40715683615127,24968000
2022-05-04,121.18640899658203,121.77469077330238,114.10420454212863,116.00287299219873,49916000
2022-05-05,115.48149871826172,119.97515308141593,113.99468267182898,119.1474930563822,45840000
2022-05-06,114.72916412353516,116.53812813658617,113.01338323041298,114.17210723502704,39710000
2022-05-09,111.52210998535156,114.06555854767906,111.0160988528587,112.25461312851758,40802000
2022-05-10,113.38954162597656,115.22824075207245,111.90817806145773,114.4922665247754,39900000
2022-05-11,112.60400390625,115.34172863167639,112.24122348597561,112.24122348597561,37534000
2022-05-12,111.8521957397461,113.29043907288383,108.85923393706668,110.39858573493113,53836000
2022-05-13,115.0304946899414,116.83895961506994,112.60649331317624,113.52633065893913,35038000
2022-05-16,113.4391098022461,115.14894677053942,112.88849600182488,113.94512093552153,25990000
2022-05-17,115.44928741455078,115.87253633398905,113.86037975364924,115.81355766184248,23054000
2022-05-18,110.91597747802734,114.38571397191099,110.57499924968252,113.98922818748704,35126000
2022-05-19,109.41380310058594,112.01672181932308,109.03317553495751,110.45209689987173,34144000
2022-05-20,107.95076751708984,111.19748304933411,104.86661954709218,110.96702082393216,48962000
2022-05-23,110.50810241699219,111.16180602376643,107.7852448693059,108.62430893865206,37184000
2022-05-24,105.03860473632812,105.5228136697581,100.98901060230938,104.8423469431348,76780000
2022-05-25,104.87505340576172,105.56394457254443,102.94367769195411,104.0627524475445,40258000
2022-05-26,106.84508514404297,107.69454740943145,104.3001467738534,104.74817746889774,37948000
2022-05-27,111.32931518554688,111.33080496604357,108.17924616749293,108.52072351941294,37914000
2022-05-31,112.76211547851562,114.71777381462744,111.0934100457265,111.75553808376368,50012000
2022-06-01,112.89097595214844,116.0722700821291,112.25462032822502,113.84551695037166,36606000
2022-06-02,116.58868408203125,116.86324988341372,111.95378769453289,112.9980255582533,37992000
2022-06-03,113.53425598144531,115.29910878919742,112.52074403003793,115.0423825766906,26136000
2022-06-06,115.79373168945312,118.29802241385896,115.14300011660191,115.6787463489471,33542000
2022-06-07,116.11984252929688,116.65658702589174,114.0407818998257,114.46551304706918,31590000
2022-06-08,116.16394805908203,117.52835256429877,115.57516714354193,115.73524670504767,26108000
2022-06-09,113.82617950439453,117.25923874880715,113.76720083398786,115.3050626696795,25798000
2022-06-10,110.1844711303711,112.28336016383942,109.39596129686058,111.45669077399432,41452000
2022-06-13,105.4573974609375,107.83530667844167,105.18630275754612,105.8479317354448,47252000
2022-06-14,105.77754974365234,106.97592316690826,104.87009945591228,105.5986399557648,33706000
2022-06-15,108.79975128173828,110.44416645951732,106.7231636370719,107.59096455911155,39698000
2022-06-16,105.1015396118164,107.69355345483342,104.21391025532901,106.27860230897124,51684000
2022-06-17,106.2017822265625,107.74410579485648,104.12271420584322,105.10153777233351,51376000
2022-06-21,110.56360626220703,111.50079919576064,107.64548168742688,107.97208392269314,47416000
2022-06-22,110.50760650634766,112.35026079420923,109.41231534981758,109.58478958192295,30774000
2022-06-23,111.2554702758789,111.7515747494861,109.529283524712,111.24506449929154,28362000
2022-06-24,116.93807220458984,117.04116198171148,111.9597177381019,112.00184751717647,41164000
2022-06-27,114.8154067993164,117.53726596134602,114.16714811318771,117.233464181198,36420000
2022-06-28,111.02302551269531,116.27842626455549,110.86492729453904,114.78466807841109,35792000
2022-06-29,110.7197265625,112.1659026711125,109.89801049848562,110.57154255312791,24716000
2022-06-30,108.00529479980469,109.91337852535331,105.81174794310992,109.03318289219757,43170000
2022-07-01,107.78177642822266,108.28976888662308,105.79241280402681,106.98434306481707,35476000
2022-07-05,112.26749420166016,112.38049064467288,104.80218931259407,106.15915998193664,39342000
2022-07-06,113.56501007080078,114.57356894300872,110.49622056085741,112.30617559704731,37432000
2022-07-07,117.73896789550781,118.14189676584834,113.82418809686583,114.06851963853795,40936000
2022-07-08,118.3044662475586,118.63304981056329,115.87401417090683,116.21945418412874,38238000
2022-07-11,114.6597900390625,116.9608884830124,114.31683045021927,116.9608884830124,31196000
2022-07-12,113.0183334350586,115.94587292313885,112.69074055561225,115.19354138227133,29960000
2022-07-13,110.37477111816406,113.1922860695284,110.22410668182415,110.71921287301893,43722000
2022-07-14,109.39745330810547,110.11657870733588,107.4204842436842,109.24183551851672,37004000
2022-07-15,110.79505157470703,112.14607830712104,109.92526931854086,111.01609870201857,46770000
2022-07-18,108.07169342041016,112.68082434708725,107.41749833919559,111.64996438782659,43164600
2022-07-19,112.8096694946289,113.0178228012076,108.59702468629088,109.87568719441973,36530900
2022-07-20,112.8989028930664,114.38571897797333,111.49138548098223,112.1753157376498,35600400
2022-07-21,113.33502960205078,113.54319050720274,110.13342322528176,113.27555937905743,32676200
2022-07-22,106.95164489746094,111.35261562744701,105.56394829009997,110.02439680939997,48901200
2022-07-25,106.56505584716797,108.9043135147735,105.3656919047465,107.45714691741362,34690900
2022-07-26,104.09693908691406,106.25777860539752,103.15529199478907,105.66305372814293,47991000
2022-07-27,112.0662841796875,112.9088193610781,107.06067446511638,108.29968789382276,59858500
2022-07-28,113.21609497070312,113.33503542279847,110.4803511374403,111.38235656496596,32816600
2022-07-29,115.2976303100586,115.68420188473884,112.06628125487264,112.08610970412361,37223400
2022-08-01,113.85045623779297,115.69410865783321,113.33502246319186,114.28659134517281,26034300
2022-08-02,114.11809539794922,115.32737377032129,112.72049211808546,112.99802992898957,20236000
2022-08-03,117.04216003417969,117.57741471400418,114.46501375387983,114.69298797756183,28499000
2022-08-04,117.15121459960938,117.73602538026296,115.86263744967549,116.44745579266782,21602900
2022-08-05,116.43753051757812,117.07190480623939,114.98044947375558,115.20843127858919,19159500
2022-08-08,116.2690200805664,119.09396911037126,115.85270583222336,117.34943613172396,19138300
2022-08-09,115.60490417480469,116.28884199524232,114.69299212244628,116.11042376218631,19086500
2022-08-10,118.64791870117188,119.85719697468683,117.36926354294056,117.73600666493809,30930400
2022-08-11,117.79547119140625,120.4221809525822,117.517933416611,120.21402762148577,24293700
2022-08-12,120.61051940917969,120.61051940917969,118.41003042457679,119.20300201694565,19096300
2022-08-15,121.00700378417969,121.22507134763688,119.54992284865891,120.06534908400887,19494800
2022-08-16,120.63034057617188,121.35392772306473,119.57965964182924,120.45192234559127,19041200
2022-08-17,118.49923706054688,120.22394148614529,118.33072550149306,119.06422683250173,22847000
2022-08-18,119.11380004882812,119.75808858144609,117.67654741342811,118.38030617411171,17987700
2022-08-19,116.17980194091797,118.10275306426914,115.73376016351709,118.0135401713866,21809500
2022-08-22,113.23590850830078,114.61369077944998,112.84933693940785,114.18746987498629,21456600
2022-08-23,112.85926055908203,113.999154474037,112.43303961913671,112.48260318331054,15870400
2022-08-24,112.69074249267578,113.77115848347056,111.87795005297879,112.50241004709838,17734600
2022-08-25,115.62472534179688,115.69410978570761,113.1070493505059,113.23590401424377,16956800
2022-08-26,109.37019348144531,114.10818734688105,109.22151791479679,113.71170152369614,37245700
2022-08-29,108.45828247070312,109.97483376444924,107.84373662281749,109.02327231665438,21191200
2022-08-30,107.98249816894531,109.52878447093995,106.85251855405113,109.2016831186449,27513300
2022-08-31,107.26883697509766,109.87571872929853,107.17962406819578,109.67747958870974,28627000
2022-09-01,108.77545928955078,109.47921797382328,106.4163805635808,107.32829258582089,28360900
2022-09-02,106.9020767211914,109.76667515278551,106.3172660149257,109.61799202942274,24160700
2022-09-06,105.8712158203125,107.08049412281643,104.8502699767572,106.3569145236708,25068300
2022-09-07,108.48800659179688,109.01335460790509,105.96042387910643,106.11901365650074,23167000
2022-09-08,107.42741394042969,108.63669221562516,106.21814322757177,107.09040592922442,24238300
2022-09-09,109.67745971679688,110.01446770720469,108.06178152061504,108.11134507795128,23197700
2022-09-12,109.8856201171875,110.6389423756241,108.96379385270278,110.01447478728238,22966800
2022-09-13,103.40309143066406,107.34811302015102,103.17510966095605,106.85250771084715,38172900
2022-09-14,104.07713317871094,104.35467099054672,102.74891434711448,103.65091223558079,26395100
2022-09-15,102.0054931640625,104.3447433760891,101.45041004927867,103.11564426895569,34188300
2022-09-16,101.89645385742188,102.2235476117455,100.05280151558253,101.17286678380967,42797200
2022-09-19,102.16410064697266,102.42181758199668,100.65746350245838,100.85570264488392,23036800
2022-09-20,100.25104522705078,101.4702376623831,99.63649189737326,101.18278566442122,26517100
2022-09-21,98.40739440917969,101.97575131964689,98.39748018499488,100.7763873127521,31487300
2022-09-22,99.25982666015625,100.35015678331564,97.92169389253625,97.95142899989769,34298600
2022-09-23,97.87213897705078,98.78405853652902,96.61330475951237,98.75431586420589,31625400
2022-09-26,97.30715942382812,99.00212893213987,96.94041627902087,97.23777497245881,27072700
2022-09-27,96.64302825927734,99.12105462489984,96.01856833758156,98.55606491603136,30072800
2022-09-28,99.17064666748047,99.81492765776615,96.25648440436291,96.7917391605889,32466300
2022-09-29,96.5637435913086,97.77302184291314,95.11657689159186,97.77302184291314,31047200
2022-09-30,94.80931091308594,98.03074589010642,94.72009801207578,96.19700749257774,32941500
2022-10-03,97.77302551269531,98.41731399775504,95.67165604887613,95.90955206825485,27982000
2022-10-04,100.74664306640625,100.94488215810166,99.49771561418267,99.55719339156057,28850800
2022-10-05,100.53850555419922,101.03411092367425,97.93162403320214,98.95256988434666,22176900
2022-10-06,100.5285873413086,102.02531761520133,99.70588064565636,99.79509354103838,22324000
2022-10-07,97.81266784667969,99.64640604800172,97.43601051980215,98.97238249935859,27502800
2022-10-10,96.9998779296875,98.22897705771258,96.15735036259238,98.12985750199623,18225100
2022-10-11,96.32585144042969,98.37765718707726,95.46349545095802,96.57365410336944,26507100
2022-10-12,96.70250701904297,97.88205009327943,95.88971460177453,96.44479769912304,21876400
2022-10-13,98.1893310546875,98.90300397980121,93.55046460378601,94.31370108960836,34574500
2022-10-14,95.7113037109375,99.80500878199092,95.52297881847961,99.11115674778205,25410700
2022-10-17,99.09133911132812,100.04290051639435,97.96135947016587,97.99109458245891,28419200
2022-10-18,99.8843002319336,102.56057369471353,99.09133619885397,102.22355811984305,24060700
2022-10-19,98.75432586669922,100.13210822606936,98.05056713051532,99.13099079757089,23811100
2022-10-20,99.09133911132812,101.42068284311566,98.51643506587006,99.12107422362116,25323200
2022-10-21,100.24114227294922,100.41956051373178,96.861117485556,96.98997216298973,32458700
2022-10-24,101.61892700195312,101.84690881139284,99.10125824677728,100.90526158454394,27176400
2022-10-25,103.56169128417969,103.89869927280016,101.81715843544772,101.99557665364006,40611400
2022-10-26,94.09564208984375,97.44593189074804,93.85775361392479,95.58245829842929,88114100
2022-10-27,91.40945434570312,94.59123986812598,90.993147655817,93.68923447770169,60710900
2022-10-28,95.44367980957031,95.70139671064247,91.32023964176592,91.45900853564996,43697300
2022-10-31,93.67932891845703,95.18596591202643,93.15398843755676,94.58132675716521,31675000
2022-11-01,89.67481994628906,95.18594820141507,89.57570040344926,94.61104426567327,47161400
2022-11-02,86.20559692382812,90.37859311828306,86.11638402723818,90.14070466460588,57038300
2022-11-03,82.69671630859375,85.75955401223071,82.60750340529754,85.56131487965403,61288000
2022-11-04,85.81903076171875,85.87850098830332,82.97425311346052,84.64940174408115,51124900
2022-11-07,87.71223449707031,88.11863452220038,86.08664952122535,86.51287043332725,34078900
2022-11-08,88.1186294555664,89.5261467821038,86.82013834461175,88.1186294555664,30429000
2022-11-09,86.55252075195312,88.6538902246859,86.51287141522182,87.67258615584599,31769100
2022-11-10,93.11433410644531,93.56037588946144,90.80481139698212,91.43918562996998,51620100
2022-11-11,95.56263732910156,96.07806362021408,93.09451698004875,93.85775353472138,33090500
2022-11-14,94.85885620117188,95.93927974232757,93.67932066979866,94.25421709955037,30179500
2022-11-15,97.57477569580078,99.25983072215564,95.85997799853077,97.39635748199429,41640800
2022-11-16,97.9811782836914,98.76423566096419,96.78181421845211,97.03953112343324,29105200
2022-11-17,97.49547576904297,98.40738771120833,95.93927542078849,96.11769363228491,26052600
2022-11-18,96.57366180419922,98.03074278844717,95.5229808495008,97.9018805535472,28342300
2022-11-21,94.7597427368164,97.53513576068444,94.52185428293382,96.43489126326328,21647400
2022-11-22,96.19701385498047,96.36551788073132,93.22338137182606,95.10667589461974,23438500
2022-11-23,97.5946044921875,97.89197072674976,96.23664311244816,96.23664311244816,18868100
2022-11-25,96.60340118408203,97.77303020059202,96.5439309575548,97.37654437828832,9701400
2022-11-28,95.20580291748047,96.72235427216631,94.76966773383909,96.18709951833512,26237500
2022-11-29,94.35336303710938,95.27518942820424,93.28285350635302,94.88861780248754,20061700
2022-11-30,100.10237884521484,100.15194241127442,93.59012404398783,93.98660988544916,43647500
2022-12-01,100.10237884521484,101.35130659899957,99.36888495403137,100.13211395991522,28687100
2022-12-02,99.55718994140625,99.88428367513458,98.0307247887741,98.17940788356134,21480700
2022-12-05,98.60563659667969,100.48893073993014,98.12985216783164,98.52633793148219,24405100
2022-12-06,96.12760925292969,98.90299445146697,95.57252616335273,98.42721758878601,24910700
2022-12-07,94.10554504394531,96.02848863434032,93.88747748283083,95.56262596381266,31045400
2022-12-08,92.88636779785156,94.73993480883227,92.62865085953038,94.54168810153189,32213300
2022-12-09,92.01409149169922,93.43152310128887,91.93479282039716,92.94582441131696,28225400
2022-12-12,92.4898681640625,92.73767083950996,90.80481299595476,91.89514325545609,29420000
2022-12-13,94.78947448730469,98.65519764693319,94.19474959251662,96.90075807295776,40593700
2022-12-14,94.23441314697266,96.01859566290456,92.77733201935133,94.3632678322139,28733600
2022-12-15,90.06140899658203,92.81697366079501,89.21888137485573,92.31145406282408,40107000
2022-12-16,89.4666748046875,90.52726989079738,88.73317348357445,89.96228012646478,58011800
2022-12-19,87.66267395019531,89.7640357277138,87.43469216899084,89.46667706453866,29493000
2022-12-20,88.2375717163086,88.39616905558795,86.67146458378042,87.33557392675367,23453800
2022-12-21,88.79265594482422,89.42703018514993,87.54372835066033,88.29705059692365,24745600
2022-12-22,86.98865509033203,87.76179824360828,85.56130923053732,87.38514089164586,27658300
2022-12-23,88.44573974609375,88.76292688788996,86.30472086721583,86.34437020523261,23003000
2022-12-27,86.62189483642578,88.15827431100223,86.24523752605165,88.01950543021509,20097300
2022-12-28,85.26394653320312,87.26619651001516,85.18465541951453,86.21551552084601,19523200
2022-12-29,87.67259216308594,88.06907799522807,85.84876792250566,85.85868214795222,23333500
2022-12-30,87.45452880859375,87.52391325940049,85.80911531469404,86.21551535680346,23986300
2023-01-03,88.33670043945312,90.24973739582715,87.74196796868762,88.80256311679109,28131200
2023-01-04,87.30584716796875,89.85325856571626,86.50296129515269,89.55589230728985,34854800
2023-01-05,85.4423599243164,86.80032131544093,85.14500124959856,86.70120175720164,27194400
2023-01-06,86.57233428955078,86.9192640659125,84.11413611960162,86.02717297103696,41381500
2023-01-09,87.24636840820312,89.2585326181373,87.08777861785474,87.58338400149272,29003900
2023-01-10,87.6428451538086,87.89064781997227,85.07561316227476,85.2242962744404,30467800
2023-01-11,90.7155990600586,90.7948977302534,88.22766567198052,88.3961696743914,26862000
2023-01-12,90.32903289794922,91.06253429761234,88.96116478580137,90.6759627102154,30258100
2023-01-13,91.31033325195312,91.37971769910212,89.33781849580512,90.05149141638756,26329200
2023-01-17,90.48762512207031,91.43918648040213,89.25852597951722,91.2508540286788,32602400
2023-01-18,90.31912231445312,91.98435660415667,89.84333784782173,91.3301539078307,29116700
2023-01-19,92.23216247558594,92.78723807060146,89.83342673497357,89.92263963407981,37000400
2023-01-20,97.15846252441406,97.43600785288929,94.18483063749785,94.2641293027765,63191100
2023-01-23,98.91292572021484,99.16072841791184,96.64305210182975,97.08909393274908,40005100
2023-01-24,96.84127807617188,98.73449405924738,96.34567274812117,97.23776385107986,33078500
2023-01-25,94.38307189941406,95.31481225727472,92.93590537141259,94.72999408723351,42330000
2023-01-26,96.6628646850586,96.71242824527482,94.54167438000948,95.65183309275027,30114000
2023-01-27,98.49661254882812,99.43825971343786,96.45471331121503,96.45471331121503,33879800
2023-01-30,96.08795928955078,97.42609210526543,95.55270465079757,96.62321392830401,27226200
2023-01-31,97.97125244140625,98.01090177303531,95.96901034932732,96.01857390444783,29870700
2023-02-01,99.54729461669922,100.30061689425332,96.72234552879351,97.84241093913148,35531100
2023-02-02,106.79303741455078,106.9020711952248,104.68176137141613,104.87009382209624,69883800
2023-02-03,103.85905456542969,106.86242173682118,101.67839407914221,102.02531630709647,65309300
2023-02-06,101.99557495117188,103.4427415579821,100.98453587751219,101.49996963805863,31999600
2023-02-07,106.69392395019531,107.22917865979215,102.2136547117616,102.31277427376001,49010200
2023-02-08,98.49661254882812,102.23347365780366,97.17830046850436,101.15305759656383,94743500
2023-02-09,94.17494201660156,99.15081699981067,92.80706624668896,99.12108188521925,119455000
2023-02-10,93.73881530761719,95.89965539048552,93.42162811941354,94.61107818459246,54980700
2023-02-13,93.77845001220703,94.36326072696573,93.01521349695155,93.90730468774592,50076100
2023-02-14,93.84782409667969,94.01632809123518,91.44909615264258,93.60002143562618,54726100
2023-02-15,96.08795928955078,96.26637750246853,93.32248077049421,93.6594887491517,50169000
2023-02-16,94.67053985595703,96.8214653459122,93.90730335156145,94.53177095740106,42462600
2023-02-17,93.5207290649414,94.72009311770113,92.39074945945416,94.01633442041258,34284100
2023-02-21,90.98323822021484,92.28172191944829,90.91385376824827,92.18260235411577,33629300
2023-02-22,90.84446716308594,91.30042320267887,89.81360707091751,90.89402316340856,30884000
2023-02-23,90.09113311767578,91.13190729905016,88.97106783366301,91.11207885163788,41206400
2023-02-24,88.34660339355469,89.09992561252551,87.8014420680175,88.65388384050988,36585100
2023-02-27,89.0801010131836,89.36755300004886,88.55475303297936,89.0801010131836,27502300
2023-02-28,89.2684326171875,90.42815487570596,88.534938821612,88.54485304599933,30142000
2023-03-01,89.56580352783203,90.22991291205538,88.88186569379845,89.18914616715412,31111200
2023-03-02,91.19137573242188,91.46891349206841,88.80255454255308,88.8719465448015,32204400
2023-03-03,92.82688903808594,92.90618771372029,91.63743159058448,91.66717426570082,35160100
2023-03-06,94.29388427734375,95.12650531351065,93.17381875307315,93.19363964240016,32639300
2023-03-07,93.0350341796875,94.82912307414622,92.70793284331539,94.14519285358496,27835500
2023-03-08,93.42161560058594,95.11658511938656,93.17381290668519,93.29276092219925,34103300
2023-03-09,91.50857543945312,94.69036101520102,91.09226874258992,93.22337335130082,28813500
2023-03-10,89.83341979980469,91.97443846501345,89.60544558188205,91.35988513059155,35941000
2023-03-13,90.3092041015625,91.75637076191212,88.6340556613181,89.29816499049838,37335600
2023-03-14,93.14408874511719,93.53066038806777,91.62753729010505,91.74647775726588,36050200
2023-03-15,95.2652587890625,96.07805124185921,91.82575652926289,92.40066053699009,50622100
2023-03-16,99.4382553100586,100.30061132579071,94.66062012558537,95.35446457801073,65492000
2023-03-17,100.72682189941406,101.93609245510001,99.22017758234657,99.37877490512696,61028500
2023-03-20,100.33033752441406,100.85567792920658,98.99220473511797,99.24000738359268,32960400
2023-03-21,103.99781799316406,104.17623620992997,100.33034166916575,100.36007677823723,42110300
2023-03-22,102.46146392822266,105.65315637708333,102.4218145884287,103.35354760540243,43427400
2023-03-23,104.67185974121094,105.36571184374247,103.54188002584578,104.13660499777403,40797800
2023-03-24,104.51325225830078,104.56280825287806,102.92730918508741,104.06720293308314,30393300
2023-03-27,101.5594482421875,103.83923589570183,101.03410777688019,103.70046700155793,31120900
2023-03-28,100.14201354980469,101.54953089706174,98.86335086819658,101.53962423516843,32057900
2023-03-29,100.49885559082031,101.58918588440255,99.7653617660232,101.38103253800085,28779600
2023-03-30,100.00325775146484,100.27088890436659,98.90301315028726,100.02308620252188,33086200
2023-03-31,102.81829833984375,102.97688813346652,100.15193890087117,100.40965582313862,36863400
2023-04-03,103.4427490234375,103.61125302709605,101.03410672538214,101.49006273887221,25035400
2023-04-04,103.79957580566406,104.65201753128024,103.12555229151026,103.4130042745517,24420100
2023-04-05,103.55177307128906,105.16744363432637,102.7488949015205,104.85025654335166,28290500
2023-04-06,107.46705627441406,108.21046425787682,103.41300836785234,104.33483456983963,48711500
2023-04-10,105.50446319580078,106.64434938467814,104.19606545034118,106.03971785017113,27067400
2023-04-11,104.4240493774414,105.79192503108294,103.75994000022175,105.61350679636178,26311800
2023-04-12,103.72029113769531,105.81174640224904,103.42292489102086,105.64324239155782,24370300
2023-04-13,106.48576354980469,106.54523377059805,104.90973463774462,104.90973463774462,24843600
2023-04-14,107.9131088256836,107.98249327038609,105.90094480463668,105.95050836328302,26578000
2023-04-17,105.03860473632812,105.22693719940173,103.60134460665196,103.74012106946371,37571200
2023-04-18,103.5815200805664,105.60359085373453,103.15529916912894,105.55402729287576,26596400
2023-04-19,103.26432037353516,104.05729187665024,102.16407600507293,102.6695955273672,20905700
2023-04-20,104.36457061767578,105.31613193758433,102.95705330462381,102.99670263824548,27820800
2023-04-21,104.48352813720703,105.0683388461455,103.85906052869694,104.54299836188882,25800100
2023-04-24,105.03860473632812,105.69279990108514,103.77976284473804,104.56282024731928,23542800
2023-04-25,102.9372329711914,105.75227538154243,102.92731874642017,104.89983354732145,46664100
2023-04-26,102.79846954345703,105.4152654093067,101.72796008133541,103.99783368510995,53347600
2023-04-27,106.64434814453125,107.41749878896674,102.62994962694194,103.53194736861123,50089200
2023-04-28,106.39655303955078,106.40646726401752,104.16632896179492,106.09919436658583,36139800
2023-05-01,106.25778198242188,107.040839327923,105.88112464606859,105.90094553226093,26681700
2023-05-02,104.3943099975586,106.25778337997941,102.79846017510972,106.19831315828286,30997200
2023-05-03,104.48352813720703,106.54524073699993,104.03747876508014,104.60246858657061,21795400
2023-05-04,103.76985168457031,104.67184949855658,103.05617876315749,104.5628157154331,23419500
2023-05-05,104.6421127319336,104.94938562732777,103.19494602522195,103.89870471094449,26639300
2023-05-08,106.8227767944336,107.0111092526405,104.2357237525446,104.25554463966958,26511400
2023-05-09,106.4064712524414,109.18186434483572,106.24788146671654,107.43733132783537,36360100
2023-05-10,110.7677993774414,111.94734256928349,106.98137468108189,107.02102401786978,63153400
2023-05-11,115.5454330444336,116.88356600068316,113.40442182690181,114.38571831983981,78900000
2023-05-12,116.47718048095703,116.99260675738344,115.08948388118702,115.65447372138091,41102300
2023-05-15,115.48595428466797,117.43864046390988,114.99034896251874,115.08946851448118,36266800
2023-05-16,118.4595947265625,119.68869389632489,115.40666390786913,115.46613413085095,45035600
2023-05-17,119.77788543701172,120.60059205109167,117.84502778931716,118.55870063226185,33323600
2023-05-18,121.75041961669922,122.2261965471798,119.76799809424153,119.8869385456927,35234200
2023-05-19,121.6810302734375,124.8628157815704,121.07639112841179,122.46408765080419,41353400
2023-05-22,123.95089721679688,125.31876521794419,121.66119542840033,121.85944209965614,35253000
2023-05-23,121.48278045654297,123.53458629434267,121.13585822548262,123.06872361968306,34046300
2023-05-24,119.83737182617188,120.83849672292195,118.80651181921867,120.05543938411122,34182600
2023-05-25,122.39469909667969,124.21852313290142,120.88805461582595,123.4255515574692,42317000
2023-05-26,123.5147705078125,124.15905899914881,121.37375168657263,122.08742462698592,35635900
2023-05-30,122.58304595947266,124.55556102731383,120.92772562853516,124.53573257508796,35076700
2023-05-31,121.79006958007812,122.96960524960811,121.42331887409836,121.67112156567815,37325800
2023-06-01,122.6325912475586,123.32643572526102,121.54226097016722,121.74050008884288,30772700
2023-06-02,123.5742416381836,125.04123686671639,122.67224379356901,122.90021802977736,26980100
2023-06-05,124.9024658203125,126.30998323761919,122.75153279545627,122.92004436641427,32305500
2023-06-06,126.19103240966797,127.16241466547471,124.25817456021957,124.90246303081489,26638300
2023-06-07,121.42330932617188,127.90582057329998,121.04665198703012,125.85402231319067,52539000
2023-06-08,121.06646728515625,122.1468908180321,120.1743761943269,121.15568017540772,29389200
2023-06-09,121.15567779541016,122.67222883886024,120.83849069849471,121.17549868044499,23778300
2023-06-12,122.55327606201172,122.95967603157636,120.59068333961953,121.71074857765804,28306400
2023-06-13,122.74162292480469,124.05993497214953,122.09733445666087,123.88151674346875,22278300
2023-06-14,122.58304595947266,122.95971092837638,120.38255662740545,122.01805606845585,30592300
2023-06-15,123.99054718017578,124.35729787447553,121.32419544608322,122.05768927234496,35246300
2023-06-16,122.44426727294922,125.00159291763548,122.19646457627043,124.82317467353323,45535600
2023-06-20,122.01802062988281,123.47510138940382,121.0664593825569,121.84951664659664,26097500
2023-06-21,119.4904556274414,121.58191085699323,119.04440626489465,121.32419395167761,30306300
2023-06-22,122.06759643554688,122.1568017665919,117.78556661162784,118.94528128923695,26952200
2023-06-23,121.26471710205078,121.71076646804086,119.99596857737609,120.31315570854476,34913600
2023-06-26,117.29987335205078,120.927708228838,117.23048890392118,119.69860904954042,33969900
2023-06-27,117.28998565673828,118.03339381934568,115.07958205915652,116.05097205239264,39535900
2023-06-28,119.12369537353516,119.3318487010765,115.82296211751444,116.06085055437069,27091400
2023-06-29,118.05317687988281,119.00473811561534,117.26021296460729,118.19194575411444,24090900
2023-06-30,118.64791870117188,120.01579431786013,118.63801203897671,119.1137889438215,29532200
2023-07-03,118.84615325927734,119.13360524270917,117.77564398904917,118.19195062891453,14467900
2023-07-05,120.67990112304688,121.53234291871821,118.18205351963279,118.1919601816183,27584800
2023-07-06,119.0543212890625,119.24265374755836,117.35935184961298,118.74704838295892,24745200
2023-07-07,118.42986297607422,119.98606354107629,118.35056430162291,119.04440879722722,21709500
2023-07-10,115.4264907836914,117.27014341516231,115.11921786589225,117.2602367523764,35315200
2023-07-11,116.11041259765625,116.67540235428439,114.33614466240792,115.2678850745914,23078800
2023-07-12,117.88469696044922,119.27239354834892,117.36927068843174,117.75584228302935,30404400
2023-07-13,123.44538116455078,123.73283317428397,119.3913254796749,119.86710994186647,44297900
2023-07-14,124.31764221191406,125.6656893475704,122.40460528869126,123.70309642753425,33283100
2023-07-17,123.5544204711914,125.98288376353565,123.10837110000271,124.83308323552517,25716200
2023-07-18,122.67222595214844,123.58413788902924,121.87925444735147,123.5048392260822,26193600
2023-07-19,120.95743560791016,124.07975069881186,120.72946139106028,123.50484670115512,37224000
2023-07-20,118.15231323242188,122.9993329839657,117.18093097461103,120.35280221161847,37906800
2023-07-21,118.965087890625,119.92656334223781,117.68643292515702,119.55982027552855,72937900
2023-07-24,120.46183776855469,121.9189187390688,119.91667640915657,120.59070000224004,29686100
2023-07-25,121.1358642578125,122.06760477820553,119.95632105113091,120.29333663689901,52509600
2023-07-26,128.13380432128906,129.8287660545172,127.19215723342076,128.92677586226864,61682100
2023-07-27,128.26268005371094,132.0689412751873,127.65804082026027,130.51273295519817,44952100
2023-07-28,131.4147186279297,132.56452668916148,129.4223905323537,129.63053631303129,36591200
2023-07-31,131.55349731445312,132.35637563474472,130.62175675151056,131.56340397747383,28055500
2023-08-01,130.39376831054688,131.4642776626303,129.53140473197496,129.63053185009693,23166800
2023-08-02,127.25164794921875,128.94660995546266,126.43884782950762,128.31223564543208,26273300
2023-08-03,127.32100677490234,128.25274721907638,126.30006100088384,126.84522989105743,20089500
2023-08-04,126.98399353027344,130.35410359894246,126.78575443058828,128.1437081443391,26147200
2023-08-07,130.37391662597656,130.45321528140613,127.88598370114637,128.02475256698008,22746300
2023-08-08,130.2450714111328,130.35410518598817,128.4014190247344,129.47192832567612,23535200
2023-08-09,128.52040100097656,130.87947251276492,127.86619821738373,130.50282267876545,24912900
2023-08-10,128.5500946044922,130.88935203387206,128.31219863509565,130.16577259004856,20857800
2023-08-11,128.42123413085938,128.78797718787527,127.04345209609927,127.52915070175547,19591100
2023-08-14,130.17568969726562,130.21533146634363,127.8265254190536,128.25273871650413,24695600
2023-08-15,128.63931274414062,130.26489755204278,128.14370743533297,129.94771801923622,19770700
2023-08-16,127.56880950927734,129.13492417430865,126.7461104050344,127.56880950927734,25216100
2023-08-17,128.77809143066406,130.82990482519432,128.15362385412445,128.6591509873898,33446300
2023-08-18,126.33971405029297,128.1139820986366,125.26920468665479,127.38048074077112,30504800
2023-08-21,127.24171447753906,127.59855093945741,125.4476255056934,126.0621788706278,25248700
2023-08-22,127.94547271728516,129.13492247421263,127.19215806698841,127.3804753860569,22054900
2023-08-23,131.20655822753906,132.23742584663677,128.72853142638633,129.03580432978123,27819700
2023-08-24,128.63931274414062,133.07002541485494,128.4311669842587,132.7726592046356,28500700
2023-08-25,128.73846435546875,129.61071958018746,126.13157509513833,128.40144118659,26762900
2023-08-28,129.85850524902344,131.3750563736932,128.99615680059247,130.15587147682967,20543300
2023-08-29,133.38722229003906,135.36964355822954,131.0776996976363,131.0776996976363,43075600
2023-08-30,134.68569946289062,135.08217764800216,132.89161071955,133.59536176682397,28315800
2023-08-31,134.97317504882812,136.78709265772878,134.59651009871462,134.81457768828804,30053800
2023-09-01,134.4676513671875,136.25183370752197,133.66477309520587,136.25183370752197,21543700
2023-09-05,134.57669067382812,135.22097162539615,133.39714743586188,134.24958930429057,19403100
2023-09-06,133.27821350097656,135.33001203337403,132.49514848342264,134.8244999600997,18684500
2023-09-07,134.07115173339844,134.38834641226532,131.78145747227418,132.41583170533318,18844300
2023-09-08,135.1813201904297,135.45885797662925,133.66476902845534,133.7242392505445,23558300
2023-09-11,135.71658325195312,136.27165888953823,134.59651018881954,135.33991830158746,20763400
2023-09-12,134.1504364013672,135.6669873803092,134.00176086408786,135.0623483209179,18405500
2023-09-13,135.5084228515625,135.69674018178068,132.9709107286248,133.90265121619703,20749500
2023-09-14,136.88621520996094,137.48093260507594,135.0425625482196,136.39060981836033,24751000
2023-09-15,136.19235229492188,137.30251863025583,135.28044021121335,136.76725635034862,38919600
2023-09-18,136.99522399902344,137.93687104627568,135.40928098547076,135.40928098547076,21861300
2023-09-19,136.82672119140625,137.1934794427395,135.41920378337616,136.21217538464424,20353700
2023-09-20,132.56451416015625,136.8663646339005,132.44555860062232,136.8663646339005,29927500
2023-09-21,129.29351806640625,131.06777845392287,128.92677497016894,130.28472870460357,31503900
2023-09-22,129.10519409179688,130.86954793351885,128.4609131845869,129.61070610554586,26397300
2023-09-25,129.9576416015625,130.0171118264149,127.82654454608127,128.6888930557924,20094600
2023-09-26,127.43995666503906,129.21421701986839,126.10181627825571,128.62940638402773,25718700
2023-09-27,129.39263916015625,129.7494756200031,127.43996798020761,127.43996798020761,22746500
2023-09-28,131.14710998535156,132.128414207964,128.649254316224,128.69881788548926,22513100
2023-09-29,129.70985412597656,132.87181919862218,129.2142486945193,132.10858259926832,30859800
2023-10-02,132.99075317382812,133.23855587746678,130.01712073016435,130.0567776325655,22288000
2023-10-03,131.26602172851562,133.0799390690274,130.68121106331455,132.76275951955418,22989400
2023-10-04,134.05133056640625,134.37843188809666,131.3651431138617,131.62285243185696,26752300
2023-10-05,133.88284301757812,134.29914971685594,132.2770713207343,133.88284301757812,19832600
2023-10-06,136.37078857421875,136.94569267381706,132.832158631349,132.832158631349,27597600
2023-10-09,137.20338439941406,137.718818202532,134.41808472961787,135.73639678634393,19278100
2023-10-10,136.8465576171875,138.4919711389079,136.12297798401696,137.28269277954,27786600
2023-10-11,139.31468200683594,139.86975763903897,137.36199550625815,137.36199550625815,25884300
2023-10-12,137.74853515625,139.9787589554809,137.0447689914143,139.81025497227756,24765500
2023-10-13,136.15269470214844,138.76949019803877,135.41919338050468,138.15494443848604,23420500
2023-10-16,137.8773956298828,138.40273601931523,136.77715129783755,136.95556193967968,28501900
2023-10-17,138.49195861816406,138.6703692822643,135.97427499935674,137.41154259753543,23515800
2023-10-18,136.7474365234375,139.48317264449588,136.17253249534386,138.22433080496884,23375000
2023-10-19,136.53929138183594,138.43250769080962,136.17254821584305,137.28269950188223,26066000
2023-10-20,134.40817260742188,136.65820993362706,133.89273882524216,136.1229628278564,26335700
2023-10-23,135.30026245117188,136.4500705092504,132.77267210572043,133.8530881539799,26317900
2023-10-24,137.58995056152344,138.135119454478,136.21216833642438,136.61856834068817,44814300
2023-10-25,124.5059814453125,127.18224741384032,123.97072673913938,127.03357185296261,84366200
2023-10-26,121.20524597167969,123.23723097831568,120.20412102421639,122.18654246977827,57061100
2023-10-27,121.09620666503906,122.22618623249376,119.15343464446192,121.79996533864069,44566500
2023-10-30,123.36608123779297,124.29782170383251,121.67111186993667,122.12706787862865,28940100
2023-10-31,122.98942565917969,124.268088371617,121.61164338905817,123.96080791175726,26292300
2023-11-01,125.33859252929688,125.37824186558063,122.63259149838505,122.97951373794584,30082400
2023-11-02,126.36945343017578,127.8463552955118,125.81437784316901,127.29127970850502,27124600
2023-11-03,127.9653091430664,128.39152248996186,126.73620241363211,126.8947997576898,26393100
2023-11-06,129.10519409179688,129.19439942516289,127.53907936577991,127.91574427289191,19052700
2023-11-07,129.81884765625,130.7505879983134,128.73843178073938,129.5611383567172,29757300
2023-11-08,130.6811981201172,131.0479563163596,129.63051733424692,129.8188497627846,26425800
2023-11-09,129.0952911376953,131.38498550790692,128.92678712827234,130.80017480614322,23747800
2023-11-10,131.4246368408203,131.63279776446794,128.27259374470339,128.95653161924707,26913300
2023-11-13,130.92901611328125,131.42462145714984,130.09640276550397,130.62174322003068,18324800
2023-11-14,132.44557189941406,134.50729201715737,132.1482207824069,133.01056927107837,32395200
2023-11-15,133.43679809570312,133.84319816897428,132.39603881613726,133.68460080506208,23861500
2023-11-16,135.7264862060547,136.0139458049548,133.13944056401175,134.0017891113594,28013200
2023-11-17,134.12071228027344,134.86412027691202,132.47529895112487,134.80465005712884,37240600
2023-11-20,135.052490234375,135.45889034867287,132.44560062885284,132.51499265432358,27815500
2023-11-21,135.7661590576172,135.9743048781384,134.7650414870518,135.0921277764423,22635300
2023-11-22,137.27276611328125,138.19458474282766,136.26172703194487,136.26172703194487,17813900
2023-11-24,135.48861694335938,136.91596302351493,134.79477235569422,136.8168358861295,12514300
2023-11-27,135.2110595703125,137.2033876965765,134.80465954030564,134.83439465228903,23436500
2023-11-28,135.99411010742188,136.0436736692128,134.2297562053289,134.8839589217478,18730000
2023-11-29,133.8035430908203,137.07452642949448,133.65485240517793,136.36086861217828,23967200
2023-11-30,131.3651580810547,134.35861874891418,130.1261446568203,133.8630133792204,38988300
2023-12-01,130.70101928710938,130.9488219161897,129.5214763527395,130.70101928710938,31442300
2023-12-04,128.13380432128906,128.88711896664887,126.7758430151211,128.73844341976016,36669900
2023-12-05,129.83871459960938,130.97860102647664,127.12279142754068,127.8166359971415,27384800
2023-12-06,128.877197265625,130.68119256427715,128.7384283964979,130.28471440239187,23576200
2023-12-07,135.7264862060547,137.34216463354636,133.5160903794074,133.8530984180632,56767100
2023-12-08,133.8035430908203,135.20113873793494,132.85197412660608,133.0204781372603,32260100
2023-12-11,132.1184844970703,132.1680480633636,130.20545486049974,131.21649413911075,31138000
2023-12-12,131.35523986816406,131.8310167463247,130.10630476656524,130.6514736502255,29032800
2023-12-13,131.40481567382812,132.32663440647838,130.41360492921032,132.20769395702044,30104800
2023-12-14,130.78036499023438,132.54471913402028,128.55014052621178,132.20771106715728,38722400
2023-12-15,131.43453979492188,132.33653000234125,130.0270073455555,130.46314245666346,50847100
2023-12-18,134.60641479492188,135.94454015229283,131.26602448315583,131.46427872099582,32258000
2023-12-19,135.44894409179688,136.26174417356714,134.883961824314,135.63727655584978,25476800
2023-12-20,137.1240997314453,140.45456865574852,136.85648370269604,137.74856738121363,49107200
2023-12-21,139.18580627441406,139.4534374013907,137.9566995474428,138.26398757269197,27488300
2023-12-22,140.2464141845703,140.74201955858857,139.4732710110759,139.53274123600997,26532200
2023-12-26,140.27615356445312,141.42594657240042,139.94905219268907,140.34553045409487,16780300
2023-12-27,139.13624572753906,140.83122273553664,138.6604688106895,140.34552403156647,19628600
2023-12-28,138.99745178222656,139.89945701648085,138.52167495111323,139.54262061197767,16045700
2023-12-29,138.46221923828125,139.12632856419143,137.56021390956434,138.40274901874815,18733000
2024-01-02,136.95559692382812,138.22434556103968,135.28044822126745,137.33226187460795,23711200
2024-01-03,137.698974609375,138.40274078957884,135.87515073698754,136.0436547238705,24212100
2024-01-04,135.1912384033203,137.93689651353586,135.15159662676552,137.20339508752366,27137700
2024-01-05,134.53704833984375,135.9544877613099,133.9621442151988,135.54808767109367,22513900
2024-01-08,137.61968994140625,137.78819394542484,135.06236452075504,135.09209963177744,21404000
2024-01-09,139.71116638183594,140.24642871103555,136.93577297492843,137.28270282254584,24759600
2024-01-10,141.02944946289062,141.74312233778207,139.67149571815168,139.76070104634456,21320200
2024-01-11,140.8312225341797,143.9436236258308,139.40387666099627,142.2288332953947,24008700
2024-01-12,141.39620971679688,141.9413786630196,140.57351809075055,141.4160381670257,18785500
2024-01-16,141.2376251220703,143.08127772087843,140.20675747291105,140.75192640999762,22670500
2024-01-17,140.2266082763672,140.59335147219906,137.679188984567,140.10766780737916,20968600
2024-01-18,142.21888732910156,142.94248192977855,140.74199327018036,140.80146348400635,25746400
2024-01-19,145.09344482421875,145.16282171685984,143.1110231821321,143.46785968269478,34271900
2024-01-22,144.70684814453125,147.0857476531187,144.55815747232313,145.80709257030463,32200400
2024-01-23,145.74761962890625,145.88638852663772,144.22116175386006,144.60773333501743,21636100
2024-01-24,147.39303588867188,148.5329373289827,146.79831851190932,147.23443853833155,25233500
2024-01-25,150.53517150878906,151.70480805664835,148.225648650222,148.7510042615379,29149100
2024-01-26,150.85235595703125,151.19927062056652,149.68271948865382,149.77193994469403,26115500
2024-01-29,152.16075134277344,152.42838247060587,150.0990312415879,150.7234988316385,27784300
2024-01-30,150.12879943847656,152.26980334325071,149.8611682786259,151.45701832492836,36331800
2024-01-31,138.8686065673828,142.73432173106326,138.6406172470756,142.35765687548871,71910000
2024-02-01,139.91932678222656,141.80262134151818,139.55256848408283,140.87088072545782,40466500
2024-02-02,141.1285858154297,141.3664667061821,135.30026199719302,138.03599811357188,62499600
2024-02-05,142.4171600341797,144.1914358303926,141.5250763668689,141.56473326856243,38505400
2024-02-06,142.83349609375,144.08241637721628,141.93149054890756,143.37864998654152,29128200
2024-02-07,144.2607879638672,144.3400866289689,142.66493824979582,143.4876448849679,25208900
2024-02-08,144.6275634765625,145.0438701746272,143.82468519281807,144.54826480197747,22563800
2024-02-09,147.6903839111328,148.1265190084021,144.89516267391085,145.39076798904887,26829500
2024-02-12,146.2333221435547,148.02741119835667,146.07472479210762,147.11549911454978,21564100
2024-02-13,143.86434936523438,145.38090083167214,142.42709658572724,143.6462817573447,27837700
2024-02-14,144.6573028564453,145.23220692064015,142.82355687367422,144.796071759894,22704200
2024-02-15,141.51516723632812,142.25857532101722,139.22547275543386,141.88191038487835,37590700
2024-02-16,139.28492736816406,141.9314580380152,138.90826247425002,141.7332189292563,31468900
2024-02-20,139.879638671875,140.83120752749184,138.26397563661223,138.432479628036,25144700
2024-02-21,141.29710388183594,141.4358727901422,139.44352938378043,140.2067659418033,23223300
2024-02-22,142.82354736328125,143.7255527379726,141.5448922041246,143.65616072853092,27191900
2024-02-23,142.69468688964844,143.40834461824574,142.1693313486327,142.40722734128093,19493800
2024-02-26,136.36087036132812,141.18806188186093,136.18244456120365,140.89069563143732,53641800
2024-02-27,137.6593475341797,138.02609065509074,135.8850719026194,136.8069057229925,33099200
2024-02-28,135.1813201904297,136.796983347661,134.21984460085443,136.68794956560583,37328600
2024-02-29,137.24305725097656,137.6395355304316,135.20115025022022,136.07342061463353,42133000
2024-03-01,135.93466186523438,137.64945248283644,135.71659425783088,137.21331726802944,31151100
2024-03-04,132.17796325683594,134.46765773338637,130.7506173169925,134.46765773338637,55999400
2024-03-05,131.50393676757812,132.06893419092674,129.52151514124904,130.7208868800359,40194800
2024-03-06,130.2450714111328,132.40591846062833,129.69991766152992,131.94995491359472,35318600
2024-03-07,133.19888305664062,133.75395856347797,130.45322550531313,131.6228467340528,37738200
2024-03-08,134.2198486328125,136.87628613042892,132.82223787303235,133.03039878127268,39370400
2024-03-11,136.45999145507812,137.8774307891928,134.93353345070832,134.93353345070832,32437800
2024-03-12,137.28269958496094,138.1549699529064,135.8256184588143,135.8256184588143,27563400
2024-03-13,138.5613555908203,139.8499326977314,137.7683990247307,137.7783056881699,23347200
2024-03-14,141.84226989746094,142.3279535040784,139.22547402056372,139.9490536613269,42753400
2024-03-15,139.93911743164062,141.9215388042357,138.7992311922684,141.24752279739727,49475400
2024-03-18,146.38198852539062,150.81270155253688,145.87647651462308,147.3038223387608,69273700
2024-03-19,145.7377166748047,147.4822421656298,144.79606947876087,146.8577896722865,24070400
2024-03-20,147.43267822265625,147.5516186613226,145.45025691328723,146.69917689330697,21311500
2024-03-21,146.3026885986328,149.0483310331233,145.6088290884326,148.15624755525624,24755600
2024-03-22,149.44485473632812,150.24773305463123,147.6705789560528,147.8093478613808,29211800
2024-03-25,148.75100708007812,149.05827999793414,146.5207828540801,148.62214484045748,19229300
2024-03-26,149.34571838378906,150.92173980939236,148.66178056238658,148.89967658168865,22149100
2024-03-27,149.54396057128906,150.3071970814459,147.59127418957752,149.85123348293416,22879200
2024-03-28,149.60340881347656,150.09901411418988,148.8500942012748,149.5241252750751,24485400
2024-04-01,154.12338256835938,154.37118528416661,149.28626871590512,149.36556739992474,31730800
2024-04-02,153.20150756835938,153.3402764470575,150.8126863978592,152.15082675469168,24586000
2024-04-03,153.558349609375,153.716946940742,151.3875959008957,152.2499594372824,24705000
2024-04-04,149.20693969726562,153.40967834779974,149.12764102936788,152.15083657251893,34724700
2024-04-05,151.15963745117188,152.07154951460475,148.28513236262637,148.71134571985755,23459200
2024-04-08,153.48899841308594,153.9053051340792,151.2686807764452,151.4371847974656,20702000
2024-04-09,155.2235870361328,157.1663513551603,153.82597645097087,154.7180599469995,31079500
2024-04-10,154.76763916015625,155.23350940234246,153.3204648733208,154.8370311694787,22838600
2024-04-11,158.00892639160156,158.27654243330397,155.08485738751153,155.53089924835962,27166400
2024-04-12,156.34365844726562,158.81177851890706,155.758847768036,156.57164779653132,25353700
2024-04-15,153.4989013671875,157.8404094057048,153.23127022277416,157.4637444709509,27136500
2024-04-16,153.0429229736328,154.28193632388786,152.08144740386092,152.8347772006078,20779500
2024-04-17,154.10353088378906,155.69938073798713,153.22135395349792,154.25220644098835,21763100
2024-04-18,154.63880920410156,155.56064321869104,153.2610266390221,153.97469970687257,19883000
2024-04-19,152.73568725585938,154.9857402824542,150.96142636132757,154.82714290509986,32615600
2024-04-22,154.90640258789062,156.2544497066036,152.7059136863934,152.9537163543577,26446200
2024-04-23,156.8690185546875,157.57278489006907,154.90642537067149,155.58045659149803,21151600
2024-04-24,157.7313995361328,158.1675347636371,155.78861946579877,156.1058142220486,22779100
2024-04-25,154.62884521484375,155.1145438273879,149.54393027269114,149.99989377882164,57109700
2024-04-26,170.4386749267578,173.17442610783888,168.1588873174152,172.83740297886922,64665300
2024-04-29,164.68963623046875,168.05976136758494,163.7579109650259,167.5740627254869,45610000
2024-04-30,161.34925842285156,166.62250601471732,161.17084777672406,164.15438620390708,33562900
2024-05-01,162.4197998046875,165.65114151829926,161.656563265471,162.8559349699541,33493200
2024-05-02,165.15554809570312,165.26458189492212,162.44954669194885,163.341630413066,24294500
2024-05-03,165.7700653076172,166.48373814579705,161.61689049574852,166.0872448331008,34662400
2024-05-06,166.62252807617188,166.6621698501134,164.5707146259979,165.98815382038057,21871300
2024-05-07,169.74484252929688,170.2503545716541,166.90997915272567,167.01901294123516,28039700
2024-05-08,167.89129638671875,168.65451784133106,167.25692205611742,167.51463142881647,19569100
2024-05-09,168.4661865234375,169.18976613945827,166.70181746537216,167.90118913341487,15346700
2024-05-10,167.1676788330078,168.35714377508077,164.72930897604326,166.55313303769844,29799900
2024-05-13,167.65338134765625,167.7921502441081,162.5585588283877,162.81626817189104,31327600
2024-05-14,168.84283447265625,169.7448398794561,167.3163765820282,168.27785221350925,25127100
2024-05-15,170.9937286376953,171.13249751141433,169.0113075133248,169.1302630655646,26948400
2024-05-16,172.64907836914062,173.58081887894542,171.17218405543662,171.7669014209654,27867900
2024-05-17,174.51255798339844,174.72071889069628,172.1633934028928,172.64907697879545,24479300
2024-05-20,175.36500549316406,177.19875144536334,174.53239208635316,174.6414258747219,22554400
2024-05-21,176.2868194580078,176.58417055209722,174.26474127015484,175.34515724447746,16989400
2024-05-22,174.82974243164062,175.5929637561036,173.6700277652412,175.08745176039344,17880000
2024-05-23,172.0246124267578,176.6832994864589,171.42987998310477,175.51367817186207,21024900
2024-05-24,173.4519500732422,174.22509313899903,172.12371636120923,173.44202828735197,16579400
2024-05-28,174.84954833984375,175.71191186906103,172.83739197945985,172.91669064448408,20572200
2024-05-29,174.3539581298828,175.2856986187846,173.1843367499764,173.88808788543193,23388700
2024-05-30,170.5972900390625,173.67995620758435,170.28009532573515,173.6601277568323,22931500
2024-05-31,170.98385620117188,171.53893180715215,167.95075369372532,170.34948191938355,37638900
2024-06-03,171.64794921875,172.99599632951654,169.6556212249439,171.02348165926512,27459100
2024-06-04,172.2624969482422,172.3219822936052,170.37920271129525,171.75698494771635,26879600
2024-06-05,173.8682861328125,175.09737781727256,172.40128329216327,173.6601252146541,22068500
2024-06-06,175.17666625976562,175.59297294708358,174.2052839893571,174.35395954744376,23251000
2024-06-07,172.9266357421875,176.30665293703487,172.76803839075907,175.493867979147,19661400
2024-06-10,173.67088317871094,175.70520037025813,171.43809934111798,173.63119590631558,23726700
2024-06-11,175.26853942871094,175.48685725053846,172.44035606018014,174.87160619376945,21540600
2024-06-12,176.42962646484375,179.0295897328755,174.762488316215,176.8861134200364,27864700
2024-06-13,173.8197479248047,175.38766020073976,173.54189158649058,174.76247586851568,20913300
2024-06-14,175.437255859375,175.7051941501706,172.81745685502335,172.886928506799,18063600
2024-06-17,175.8838348388672,176.99526019491833,173.47242036710682,174.11745590855674,19618500
2024-06-18,173.750244140625,176.0326480479042,172.76782910540194,175.78456099585281,21869900
2024-06-20,174.95101928710938,175.93343447480135,173.65104535533175,174.02812743639052,20160100
2024-06-21,178.2555389404297,179.466205138687,175.2586426839211,175.645657934706,57759000
2024-06-24,177.8486785888672,179.50589857307529,177.3028839492694,178.7814884925371,18298000
2024-06-25,182.6218719482422,182.87987707702328,178.04714529101605,178.24561193946573,23130200
2024-06-26,182.47300720214844,183.0981763241254,181.0837105201297,181.23257184786374,19839000
2024-06-27,183.99131774902344,184.62642010992184,182.61195409916436,182.77071833286294,18848900
2024-06-28,180.75625610351562,183.71346525578238,180.56772262567728,182.90966546961494,29156600
2024-07-01,181.58982849121094,182.4730179096056,179.91275737108273,181.6295157623823,16006100
2024-07-02,183.82261657714844,184.15009335463083,180.17076672022137,180.65702287018632,17372500
2024-07-03,184.39817810058594,184.666101253454,182.59209683114494,183.43559898745033,10242100
2024-07-05,189.1416015625,189.39960668236182,184.3783264542018,184.43786493247498,20967500
2024-07-08,187.5836181640625,188.71489474236242,186.3431826553111,188.44695643270228,21035900
2024-07-09,187.53396606445312,189.89575971995774,187.27596097330996,188.85379104005673,15121400
2024-07-10,189.7171630859375,190.2828089517807,187.58362004629095,187.7026970108747,15952500
2024-07-11,184.15005493164062,189.39957002449384,183.6637988831332,188.3973038361354,25625800
2024-07-12,183.65391540527344,185.67829936578423,183.07835154835516,183.66383343758727,22898400
2024-07-15,185.1027069091797,186.79962897877238,183.50502571552826,183.50502571552826,16474000
2024-07-16,182.51271057128906,187.2362833659617,181.96691593885006,185.9263913901426,18290700
2024-07-17,179.63490295410156,182.14554307379208,178.52346250305996,181.56997921247492,20734100
2024-07-18,176.33038330078125,181.10357651103143,175.11971708479683,180.53793067512186,25315700
2024-07-19,176.3006134033203,178.9104792954856,175.77466998349036,177.511279614787,18881900
2024-07-22,180.27992248535156,181.30204007198228,178.85093844213043,179.2081844529357,24100300
2024-07-23,180.3990020751953,182.205083362309,180.15091498468195,180.65702234023118,36352700
2024-07-24,171.30909729003906,174.84185492699467,170.5052975643539,172.2716763828317,49585200
2024-07-25,166.0000457763672,172.09306459024975,165.91073805088556,171.1999570513624,44852000
2024-07-26,165.72218322753906,166.8038393522412,162.80467650128674,165.8710294311091,41336900
2024-07-29,168.23281860351562,169.12592608314606,166.70460877031735,167.5381777702437,20293800
2024-07-30,168.9869842529297,169.91979407162952,167.15114899500833,168.9373789518768,18959700
2024-07-31,170.2274169921875,172.91668748879763,168.70912533779483,171.9144211788754,25729100
2024-08-01,169.4534149169922,172.71824977865398,167.58781013807817,168.9473226614739,24531400
2024-08-02,165.384765625,167.22060083165107,163.40998712477472,165.16644779514462,29130100
2024-08-05,158.03146362304688,163.17182044634595,153.74451178437454,154.3101575722687,53630700
2024-08-06,157.07882690429688,159.3413952637539,155.2132221455675,158.11087775486118,49004600
2024-08-07,157.7238311767578,161.73291139086032,157.25742629410797,160.0161531809976,25138600
2024-08-08,160.79019165039062,162.4374934400702,158.9841256428161,159.28181801513983,25578800
2024-08-09,162.4176483154297,162.53672526881738,157.84292193770273,158.78564981676743,28602300
2024-08-12,161.04818725585938,163.63821673656008,160.60163358167628,163.09243732479868,15895300
2024-08-13,162.90391540527344,163.46954611395418,161.72301839794923,162.15965411245918,18551700
2024-08-14,159.1428985595703,161.97109738750262,156.50326348113867,161.1573644799167,40591100
2024-08-15,160.0657958984375,160.40319071181239,158.388724722145,159.27191417011724,31524300
2024-08-16,161.71310424804688,163.7970268327427,159.89710483293223,160.2344996596875,24208600
2024-08-19,165.3946990966797,165.4145503036196,163.0031359185699,164.01533548402497,22416200
2024-08-20,165.90078735351562,167.34962258490438,165.54355648931903,165.62293103111787,18341500
2024-08-21,164.5809783935547,165.5733267344455,163.40999947744584,163.88632244130392,22902000
2024-08-22,162.54664611816406,166.30763931714822,162.06039002531082,165.9801625781286,22493300
2024-08-23,164.35275268554688,164.90846541930796,162.57645554427228,163.45964509800748,13955700
2024-08-26,164.88861083984375,166.26797448558267,163.20162161831215,165.1069286953162,14190400
2024-08-27,163.41993713378906,165.16648011438994,163.20163440324978,164.57106498154224,11821900
2024-08-28,161.60394287109375,164.33290096897073,160.29403571593602,163.77717314609376,16407400
2024-08-29,160.54212951660156,164.70007190564058,159.02383761377362,163.0527698600771,19699800
2024-08-30,162.12985229492188,162.407708577046,160.45278142936655,161.37565797884346,22123800
2024-09-03,156.15591430664062,160.61156320284906,155.28264303988357,160.48255309061489,38945300
2024-09-04,155.25291442871094,157.78340604462628,154.76667337142607,155.46131426900152,19353800
2024-09-05,156.03684997558594,158.2299312085826,154.78648144405375,155.1040401638185,18688700
2024-09-06,149.7652130126953,156.62234382988387,149.39804896411633,156.09640040925774,37912100
2024-09-09,147.76792907714844,152.42820519903154,146.28736276622044,151.54384395398554,39260500
2024-09-10,147.71824645996094,150.3117127852872,147.40026637370062,149.49690018583888,31118800
2024-09-11,150.20242309570312,150.54026559740743,146.5854826673726,148.97027288921362,29607700
2024-09-12,153.71005249023438,153.839233801539,151.68296725155358,152.8256911821986,29621500
2024-09-13,156.4625244140625,157.37669455144265,154.22677778049754,154.44537016884462,29591200
2024-09-16,157.05870056152344,157.2474993531957,155.60795803142506,156.313451749423,18379800
2024-09-17,158.31072998046875,159.53293380012653,157.3766823666018,158.0126274199818,20715600
2024-09-18,158.79762268066406,159.48325404924594,157.59529635899653,158.84730896980255,23677300
2024-09-19,161.11285400390625,162.7523953061902,160.31791891468873,162.67291544318158,26587700
2024-09-20,162.5536651611328,162.6927776644467,161.03335881701463,162.46423894374368,40896400
2024-09-23,160.82470703125,164.4416474906759,160.64583942390462,163.3088698512438,24150900
2024-09-24,161.2618865966797,162.18600293337994,159.67203168983335,161.9972041569506,23332100
2024-09-25,160.46697998046875,161.77861000791742,160.27818118844277,160.44710243338025,18869200
2024-09-26,161.69912719726562,163.0405812277503,161.2519809078131,162.6033661315293,20319300
2024-09-27,162.91136169433594,164.65027531600003,161.59973187544207,161.77858428442255,21101300
2024-09-30,164.79934692382812,165.09743429522993,162.22574304110324,162.28537567750828,20413900
2024-10-01,165.93212890625,168.08838020304094,163.53739254376728,166.62769139519463,28338100
2024-10-02,164.80929565429688,166.4587833748385,163.68644922877587,165.36574568962988,17760200
2024-10-03,164.80929565429688,165.5843532266716,162.88158291608877,163.3684842780683,15073100
2024-10-04,166.00169372558594,167.16428010496523,164.4317010051406,166.99535885279488,19047400
2024-10-07,161.94754028320312,167.4126985535878,161.71900154638254,166.65751850550026,22463100
2024-10-08,163.3386688232422,163.68644249996592,161.83822486594266,162.90145376713176,23072700
2024-10-09,160.8346405029297,163.7957583809211,158.72807525360884,162.41456443992033,31181800
2024-10-10,161.05323791503906,162.03697180217182,159.38387269706766,159.85089649743236,14144100
2024-10-11,162.20590209960938,162.86170956550862,160.21857182956228,161.10293319324816,15344300
2024-10-14,163.91500854492188,165.17695235890986,162.36487818674945,162.60336327926677,19016100
2024-10-15,164.41183471679688,166.61775729768382,163.58709086133464,164.7397308583214,20247200
2024-10-16,164.11375427246094,164.749699418007,162.70275145459712,163.4877403209242,16406000
2024-10-17,161.89785766601562,165.3160682513299,161.7289364078274,164.68012315374543,21453400
2024-10-18,162.38475036621094,163.66658684818702,162.0469078679096,162.1562116364337,19757700
2024-10-21,163.03062438964844,163.45789306330104,161.58979800498344,161.91770927556843,20946500
2024-10-22,164.0938720703125,164.719886004102,161.94755157914383,161.94755157914383,16568100
2024-10-23,161.74880981445312,164.76956032222017,160.90418838301372,163.71626254064074,18280500
2024-10-24,161.68917846679688,162.29531475497333,159.9900045566217,161.79848222899673,22412500
2024-10-25,164.2230224609375,164.54098738372983,162.38473610505613,162.63315236060092,19828900
2024-10-28,165.6638641357422,167.68100328825437,162.91140727340738,167.68100328825437,32138600
2024-10-29,168.6051025390625,169.30068030332265,166.03151333010814,166.6674584466476,42169000
2024-10-30,173.3548126220703,180.86691803166593,172.95733750175077,179.5353953312524,68890800
2024-10-31,170.02601623535156,175.6998499725552,169.91671248048732,172.03322375098372,44769000
2024-11-01,170.2049102783203,171.228399412592,167.810188601417,168.99265264899384,31796500
2024-11-04,168.16790771484375,169.6484591926119,166.94568857443238,168.85352398218356,21492700
2024-11-05,168.6647186279297,169.44970738138483,167.77041094544956,168.3566697123956,18242100
2024-11-06,175.39183044433594,175.81911434381482,172.4009037964916,172.69900637438644,33695500
2024-11-07,179.60496520996094,179.93287650946746,176.06751991171046,176.2861274447148,25352900
2024-11-08,177.22019958496094,179.75403378817845,176.95190572784412,179.50561748102942,22006200
2024-11-11,179.20751953125,179.40624953288767,177.33942415917616,177.44872793439595,17450400
2024-11-12,180.4694366455078,181.3339355258592,178.25356788936566,178.6808517336083,25134900
2024-11-13,177.74684143066406,179.81366693126807,177.40898372879735,179.31683431560734,23184000
2024-11-14,174.46771240234375,177.68719264307913,173.21569988978717,177.15060502189382,31007500
2024-11-15,171.39730834960938,173.03684979342893,170.135349355116,172.62944344024277,32504600
2024-11-18,174.1894989013672,174.32861141194803,171.80469351153303,172.32140362031606,20135300
2024-11-19,176.99163818359375,177.7368870735365,172.4605273586821,172.61951742744716,23434900
2024-11-20,174.8651885986328,176.55441631876369,172.67912830422068,176.2165738071629,18997100
2024-11-21,166.56809997558594,173.02692368437366,162.662987910428,172.79836977486937,59734400
2024-11-22,163.71624755859375,165.4054902668861,162.8616950123504,164.7993539822004,38604600
2024-11-25,166.58795166015625,167.56175439657423,164.56088148234778,165.0378364955745,33135300
2024-11-26,168.04864501953125,168.74422275300518,166.5184073625678,166.5680936524055,20486700
2024-11-27,168.15794372558594,168.40636000516253,166.95561742322607,167.9294049937709,19266500
2024-11-29,167.87969970703125,168.35665466444746,166.101046017883,167.43255348682078,14257200
2024-12-02,170.4036407470703,170.98989954223964,167.50214035040204,167.7008703464783,23789100
2024-12-03,170.2545623779297,171.58606987747282,169.7676762176285,170.40362122950918,22248700
2024-12-04,173.265380859375,173.80196851105399,169.976351762093,170.06577798333072,31615100
2024-12-05,171.5463409423828,174.9446737388749,171.2383071896845,174.24911120663256,21356200
2024-12-06,173.6032257080078,173.9708769207123,170.77127428081718,170.94019551806315,21462400
2024-12-09,174.45877075195312,175.34414569527965,172.74770667593938,173.05610866341627,25389600
2024-12-10,184.2078399658203,185.39165905883286,180.10925267461994,181.89990276575224,54813000
2024-12-11,194.38467407226562,194.59358956818772,183.88950517431252,184.3471064632806,67894100
2024-12-12,190.9625701904297,194.16582489848338,190.71386920648584,193.98676747620544,34817500
2024-12-13,188.83367919921875,191.7285469445743,188.65460660803555,190.01748306194702,25143500
2024-12-16,195.6381378173828,197.96597529078676,191.6191215772895,191.8678225512729,44934900
2024-12-17,194.40457153320312,200.37339478634232,193.96685539925252,196.22506444695088,43504000
2024-12-18,187.4210662841797,195.976386699195,186.764507184961,194.2056368053088,34166100
2024-12-19,187.5304718017578,192.0269895380088,187.40115762090377,190.63427019379503,32265200
2024-12-20,190.41542053222656,191.88772607244653,184.25758188521124,184.8146696474835,63462900
2024-12-23,193.6186981201172,194.08625719212253,189.16196548395996,191.6191324608379,25675000
2024-12-24,195.09100341796875,195.09100341796875,192.7731083908338,193.82759815006608,10403300
2024-12-26,194.58364868164062,195.72766709348628,193.36998671071595,194.13597478356786,12046600
2024-12-27,191.75839233398438,194.3051030426647,189.65935551931798,193.9370152813754,18891400
2024-12-30,190.24630737304688,191.5494980812226,188.13731273783964,188.8137872976618,14264700
2024-12-31,188.31637573242188,190.96255767118524,187.53047217416017,190.0871254076539,17466900
2025-01-02,188.44569396972656,191.00234725825092,186.52572974438567,189.65935593229025,20370800
2025-01-03,190.79342651367188,192.20606135937345,188.99283394745663,190.37561071207793,18596200
2025-01-06,195.84706115722656,197.1900526464094,192.84276396758787,192.97207816719848,29563600
2025-01-07,194.47422790527344,199.95559215597262,193.5888530048973,196.085805432373,26487200
2025-01-08,192.94223022460938,195.2700679108895,191.3803958585084,191.56941104474132,24864800
2025-01-10,191.04212951660156,195.49886180679007,189.32112306274666,193.29039598946073,26665200
2025-01-13,190.0175018310547,190.18661668529174,186.38647339351533,189.08239884518588,21823700
2025-01-14,188.6745147705078,190.98245196740993,187.33152340912505,190.24630678281764,17174900
2025-01-15,194.53390502929688,195.33969375687735,190.8630762218721,192.08668076451275,21776000
2025-01-16,191.9076385498047,194.4642768734046,191.8081520804567,193.13124318936406,17815400
2025-01-17,194.98158264160156,196.20518730281572,192.74327365719543,195.508827543568,27735100
2025-01-21,197.0209197998047,201.23887871445535,196.84184720049228,198.03562405056638,29971300
2025-01-22,197.33926391601562,199.43830095568052,196.50363220208854,198.02568110227872,26200600
2025-01-23,196.95127868652344,199.25923110054313,194.18572496319172,197.11045095911172,26951400
2025-01-24,199.1697235107422,199.85612554750062,196.97119990354366,197.07068637933736,23877500
2025-01-27,190.81333923339844,195.85700244066396,189.73894916830926,191.41022766272687,41728900
2025-01-28,194.2852325439453,194.46428998544008,189.6892275453475,191.74847919956753,24157900
2025-01-29,194.39463806152344,195.7674571519655,192.4249153665142,194.54385257803781,18218300
2025-01-30,199.82626342773438,200.3535083038363,196.6428938419765,196.97118096512546,24354700
2025-01-31,202.9599151611328,204.41232049224394,200.75144907949408,200.95040684244714,32001100
2025-02-03,200.18438720703125,202.6912973186069,199.06026910715457,199.6471997728737,27838300
2025-02-04,205.30763244628906,205.9741492335506,201.75617525949693,202.33316333940303,43856400
2025-02-05,190.33584594726562,191.74846576717462,187.05298980095407,190.0772023789456,70373900
2025-02-06,190.60443115234375,191.10183309670842,187.73939109536238,188.51533691421105,29297400
2025-02-07,184.376953125,190.18660431911357,182.28787402069702,190.05729013281342,49315000
2025-02-10,185.50108337402344,187.22208986080463,184.89425239135454,186.37651565839897,23105600
2025-02-11,184.35707092285156,185.96864842614565,183.3224663388948,184.0685692836796,21239500
2025-02-12,182.65594482421875,184.14815067534644,180.88519509524076,182.26797191010567,22072600
2025-02-13,185.17279052734375,185.3120624610406,182.18837893712364,183.36225538928474,21402500
2025-02-14,184.2675323486328,185.43145115453234,183.36227228593566,184.0984174978102,20448400
2025-02-18,182.8151397705078,184.9937630121433,180.79568881581937,184.6356329562648,29916700
2025-02-19,184.30734252929688,184.49635771924724,182.63606390508187,183.11358075743158,19549400
2025-02-20,183.6010284423828,184.3471314612023,181.77059267929346,183.83978687302678,20441500
2025-02-21,178.7264862060547,184.37696551099646,178.14949807767616,184.18795032658747,35199200
2025-02-24,178.31858825683594,182.16847425883162,177.96045826738273,181.0443562420911,29854200
2025-02-25,174.5084991455078,177.81125539535978,173.7822965453186,177.11488051844918,41913400
2025-02-26,171.83250427246094,175.16510400808025,170.6884856536991,174.1603573531634,35431300
2025-02-27,167.62445068359375,173.65295965631302,167.06736294980485,173.0859293485287,39991000
2025-02-28,169.3951873779297,169.72347444867967,165.9034315554997,167.80349524935414,48130600
2025-03-03,166.1422119140625,172.46916601222185,165.0678217638651,171.03664581195866,40770500
2025-03-04,170.03189086914062,172.38957139478455,164.93849945595062,165.37621562667857,45388000
2025-03-05,172.1209716796875,172.87701716435777,168.18154163334694,169.63396197807168,30954900
2025-03-06,171.45445251464844,173.9016615264532,169.6140592892689,169.6439021909127,28302000
2025-03-07,172.95660400390625,174.06083692312112,169.38526170085638,170.37010783184354,27385800
2025-03-10,165.1981658935547,167.77768707285077,163.02700292073365,167.57848498247546,43604000
2025-03-11,163.37557983398438,166.074610170201,160.71639599552714,164.24206639490993,39587400
2025-03-12,166.43313598632812,166.96098805134596,162.86763464348198,165.9052839213103,28372400
2025-03-13,162.10076904296875,165.45712989370372,161.4534078114044,165.36748287025196,31756200
2025-03-14,164.81971740722656,165.81566708355933,161.79202188086273,162.60870791000892,31995900
2025-03-17,163.62457275390625,165.62644141646544,163.0070887907617,164.36158101735924,31184300
2025-03-18,160.0192108154297,163.58471199332098,156.08521317066442,163.01701346080097,42074800
2025-03-19,163.22618103027344,165.19815700358515,160.3478872642785,161.10480349722013,34275600
2025-03-20,162.14060974121094,164.22214090970084,160.30806599087495,160.91559589904986,28138500
2025-03-21,163.32579040527344,163.57477782056455,160.2383403768693,160.55705156299513,36625800
2025-03-24,167.00082397460938,167.6382463166508,164.47111864181912,166.39330929919817,30879100
2025-03-25,169.8691864013672,169.93891017820465,167.63826869436164,168.2955839776117,24174400
2025-03-26,164.39144897460938,168.92302298152063,164.17233883294872,168.31549307909538,28901600
2025-03-27,161.58287048339844,164.74998295425303,161.3438371056606,163.96318944763343,24508300
2025-03-28,153.70489501953125,161.16456257842086,153.00773337780885,159.8399478606563,48669300
2025-03-31,154.01364135742188,154.9099898943082,150.0497663121255,152.48983972652445,54603500
2025-04-01,156.43380737304688,157.45963422172338,152.99776917438965,152.99776917438965,30672900
2025-04-02,156.40391540527344,157.7683766642482,154.07339703462338,154.52157130636616,25041700
2025-04-03,150.1095428466797,152.16119683607278,149.78087761580798,150.49796262916686,46883400
2025-04-04,145.01026916503906,150.45811474262314,144.79115903527634,147.41049617328275,62259500
2025-04-07,146.15560913085938,152.23090799124293,139.96080117715204,140.9766740613606,76794100
2025-04-08,144.11390686035156,151.62337549950988,142.45067281990836,150.60750263275938,52200200
2025-04-09,158.06716918945312,158.90376321404577,143.32711193141117,143.8350407612742,70406200
2025-04-10,152.20103454589844,157.0811818078422,149.322725435418,155.90595330498695,48022000
2025-04-11,156.50352478027344,157.03137687020202,152.2010302665367,152.28069286385934,33636200
2025-04-14,158.42572021484375,161.06498074344722,156.92182649738766,159.35194610703772,30333000
2025-04-15,155.67689514160156,159.00336349160088,154.58135959003184,158.48548058954378,27551500
2025-04-16,152.70896911621094,155.2585979132132,150.8963333701315,152.47990494067977,28187400
2025-04-17,150.54776000976562,154.0534920051937,147.89853016558348,153.66507223082013,33046600
2025-04-21,147.07188415527344,148.346698501599,145.50825109483685,148.2769899279801,26049100
2025-04-22,150.8564910888672,151.5735760354548,147.93835078181212,148.2869392297591,26971800
2025-04-23,154.72079467773438,156.8919577671247,153.18702360261742,154.9797361333446,31128800
2025-04-24,158.63487243652344,158.94361442258594,155.1590023934932,155.51754490565963,45894000
2025-04-25,161.3040008544922,165.4272315126956,160.3877138664607,164.40140465983956,56034000
2025-04-28,159.95947265625,162.48917806099573,157.9576193461597,161.7720931027873,29745800
2025-04-29,159.5112762451172,160.08892878120992,156.88197016182332,159.67063181307037,26809000
2025-04-30,158.1568145751953,158.62491214751483,154.7705764946502,157.34012853089786,34981100
2025-05-01,160.64669799804688,161.29405925789504,158.26637869922348,159.80013463025725,30203200
2025-05-02,163.36561584472656,164.3018109241553,161.21436100650547,162.7481319399907,25715000
2025-05-05,163.54489135742188,164.72010459701127,162.06092097475153,162.3397856484502,21341800
2025-05-06,162.56886291503906,164.13251121588542,160.5371322432176,161.51315867988768,21277200
2025-05-07,150.76686096191406,164.33169015930102,147.24119073545722,163.41541831659652,127490100
2025-05-08,153.65509033203125,155.2984009569833,152.2806751349548,154.37217520033343,57498700
2025-05-09,152.13131713867188,154.4220044950508,151.58354176260508,153.5455638933439,32435300
2025-05-12,157.8181915283203,158.45559870977985,155.61713606908535,156.85211913184455,44138800
2025-05-13,158.8838348388672,159.919630909492,155.52748962665564,158.1468266808066,42382100
2025-05-14,164.7001953125,166.32359816964652,158.9635305710967,159.3121190412647,48755900
2025-05-15,163.29592895507812,165.53681590984704,161.71235729066444,165.1683041655559,33146700
2025-05-16,165.51686096191406,168.66406524073284,164.94916241420358,167.05061660833445,42846900
2025-05-19,165.86546325683594,165.9650643097772,163.55486775907139,163.84368649742183,30426100
2025-05-20,163.31582641601562,167.817523283891,162.24019892385144,165.75590012466307,46607700
2025-05-21,167.8772735595703,172.43872486137178,162.89752522096424,163.02700354080346,73416000
2025-05-22,170.1779022216797,176.05401394301808,170.0185618363875,171.15394376538748,74864400
2025-05-23,167.78762817382812,169.2715985296926,167.2099755896054,168.3752347830085,35211400
2025-05-27,172.19969177246094,172.46860243837372,169.3114438097941,169.47079940418584,37995700
2025-05-28,171.66188049316406,174.56009759174123,171.21370619473115,172.45864324425892,34784000
2025-05-29,171.16390991210938,173.71353862116436,169.93889608019336,173.29524158580244,29317300
2025-05-30,171.0443878173828,171.5124853397844,166.76180154699824,170.6559680857075,52639900
2025-06-02,168.34536743164062,169.18196148692468,166.7120106202351,167.16018492149544,38612300
2025-06-03,165.5069122314453,167.79759955842107,164.61056358901342,166.81161909114326,45084900
2025-06-04,167.3693389892578,167.5386486033552,165.68618167672102,166.0646474005772,26900800
2025-06-05,167.5286865234375,170.23765541573877,166.9111874462575,169.6500488073603,36379100
2025-06-06,172.97653198242188,173.79321800916722,170.1380845314093,170.1380845314093,35731800
2025-06-09,175.58908081054688,175.96800471005412,173.87397240224888,174.04348698482235,28935900
2025-06-10,178.09194946289062,180.5948038838724,174.41244383100403,175.6987675223273,61766100
2025-06-11,176.8455047607422,179.8569029175766,176.24720547354727,179.2586188457646,31646800
2025-06-12,175.20018005371094,176.21728270194464,174.25288557862032,175.6788103288989,20941900
2025-06-13,174.17312622070312,176.6261351195968,171.8996131999643,171.9494740114175,27663100
2025-06-16,176.26715087890625,176.43666545813562,174.15317124562452,174.23294549738824,27389200
2025-06-17,175.44949340820312,176.8554862045177,174.08339534937244,175.2002045527736,24973000
2025-06-18,172.8269805908203,176.0577543370001,172.70731159680278,175.50931582595604,28707500
2025-06-20,166.1659698486328,173.8440631360939,164.98933381824614,173.45517315134433,75659900
2025-06-23,164.72010803222656,166.86398612208345,161.53917977382372,165.7970377232315,57671000
2025-06-24,166.29559326171875,167.7414654003419,165.65741447979076,166.44516047022438,40524300
2025-06-25,170.19447326660156,171.86970222006798,167.07338726794845,167.15316152434053,35479000
2025-06-26,173.0463409423828,173.19592338119924,169.4565906415466,171.9394978428303,31796700
2025-06-27,178.0221405029297,178.17170771682706,171.241481190895,173.046329910377,108140200
2025-06-30,175.72869873046875,180.71447592478233,174.08339834249907,180.265759020371,63378900
2025-07-01,175.3397979736328,175.58908681807281,173.0363714854685,175.24009156508697,35904500
2025-07-02,178.13182067871094,178.35119606008848,174.5719841997796,175.04063318866915,29128900
2025-07-03,179.01930236816406,179.15890351135596,176.54636131074304,177.9922335542414,21689700
2025-07-07,176.28709411621094,178.78996387462078,175.18025102838192,178.5506411042797,34175600
2025-07-08,173.864013671875,177.44379785510552,172.3184197808512,177.3440914457585,40442500
2025-07-09,176.11756896972656,178.92955429499338,172.27853009035698,174.75147104078385,43025600
2025-07-10,177.11471557617188,177.92240891673904,173.8839422139032,175.1303863111691,29252400
2025-07-11,179.67742919921875,180.91389212460822,175.97797606848104,176.2870917998284,34282900
2025-07-14,181.0435333251953,183.147531843333,179.1688762904421,180.4950948080724,32536600
2025-07-15,181.48226928710938,183.69595532751242,181.08341324296114,182.28996266650833,33448300
2025-07-16,182.4495086669922,183.80564050002502,181.51218023918355,182.71874486155866,33104200
2025-07-17,183.0577850341797,183.53641535247564,179.96659729454643,181.62187886390834,31992600
2025-07-18,184.5335693359375,185.88970124039062,183.1874187229756,184.87259850820493,34014500
2025-07-21,189.55923461914062,189.74868135121883,185.62045888710102,185.720180506412,45803100
2025-07-22,190.7957000732422,191.10481579575136,186.9267476808465,190.9552485801447,44660200
2025-07-23,189.68885803222656,191.9823183810532,188.64184187130752,190.95524958744798,58681900
2025-07-24,191.62335205078125,197.3869090653604,190.45668205461735,196.46952792005337,74881700
2025-07-25,192.63047790527344,193.77721577448722,190.71594131306063,191.43389443706346,39785900
2025-07-28,192.0321807861328,193.49800038051387,190.29712498462092,193.0991291078416,38139500
2025-07-29,195.1931610107422,195.36267559548023,191.53360267868564,191.88259792418754,41389200
2025-07-30,195.970947265625,197.0379108346005,194.13618500265545,195.04360005779435,32445400
2025-07-31,191.35411071777344,195.43248777249184,190.54641729704366,195.15328548422434,51329200
2025-08-01,188.5919952392578,190.2871562824159,187.28572417197353,188.49227361862017,34832200
2025-08-04,194.4851837158203,194.7145404143055,189.57918094353215,189.7486955367273,31547400
2025-08-05,194.11622619628906,197.2971541323202,193.33844625639603,194.1561209300893,31602300
2025-08-06,195.5321807861328,196.07065317332066,193.11906676548202,193.94670749735778,21562900
2025-08-07,195.9609832763672,196.97807082829456,193.77721051804474,196.49944049707085,26321800
2025-08-08,200.84701538085938,202.03363260270996,196.60910542589713,196.65896623314958,39161800
2025-08-11,200.42822265625,200.90685295750995,198.50372015999918,200.36839577051538,25832400
2025-08-12,202.76156616210938,203.9182700251912,200.01938893683175,200.7971688962253,30397900
2025-08-13,201.385498046875,203.94817934449617,196.94814463612107,203.5493232968563,28342900
2025-08-14,202.36270141601562,203.85843438375156,200.65755913802832,200.92679533252792,25230400
2025-08-15,203.31996154785156,205.85274455493158,200.70741950553764,203.270115954676,34931400
2025-08-18,202.92111206054688,204.68608127587706,201.91399064284568,203.61911775674488,18526600
2025-08-19,200.99661254882812,202.86128819689205,199.39119181596234,202.45245084896237,24240200
2025-08-20,198.7530059814453,200.70742189093835,196.04074228977996,200.15898342104597,28955500
2025-08-21,199.18177795410156,201.9040077554449,198.86268094385764,199.18177795410156,19774600
2025-08-22,205.5037384033203,207.9467659198768,200.7273710651735,202.15329588435108,42827000
2025-08-25,207.89694213867188,209.9211664546662,204.69606649727584,205.84278916147125,29928900
2025-08-26,206.55075073242188,207.258737698756,205.11484464858782,206.91969332896332,28464100
2025-08-27,206.88978576660156,208.31572581537765,205.0649896678173,205.11485047791405,23022900
2025-08-28,211.03794860839844,211.61630051242363,206.31142697470574,206.66043741838072,32339300
2025-08-29,212.3043670654297,214.03940778242327,209.60206914501953,209.91118489504095,39728400
2025-09-02,210.748779296875,211.07782715720617,205.61342035910417,207.84705371453168,47523000
2025-09-03,230.00384521484375,230.6519900738744,224.1505332557257,225.5665071716633,103336100
2025-09-04,231.63919067382812,231.70898363627637,225.46679662750995,228.996719869086,51684200
2025-09-05,234.33151245117188,235.08934505645462,231.24032471140728,231.53947436612376,46588900
2025-09-08,233.5829620361328,237.66498669397225,233.21368944217105,235.01017746372742,32474700
2025-09-09,239.1620330810547,240.00038899582756,232.77452245999913,233.71268917705035,38061000
2025-09-10,238.70294189453125,241.1880848518513,237.38552753776509,238.4334648921733,35141100
2025-09-11,239.9005889892578,241.77692250779666,235.78863959738683,239.41155563146188,30599300
2025-09-12,240.32977294921875,241.60727216892423,237.53523769524105,239.90060472674395,26771600
2025-09-15,251.11866760253906,251.91710844331666,244.18224230445617,244.18224230445617,58383800
2025-09-16,250.66954040527344,252.54585880051692,248.98283818718852,251.58774200911427,34109700
2025-09-17,249.042724609375,251.10868968975305,245.7990711050268,250.72942686827483,34108000
2025-09-18,251.537841796875,253.49402106561863,249.31220074129322,251.18851917528045,31239500
2025-09-19,254.2225799560547,255.50007913340238,251.3182589953225,252.75544937708653,55571400
2025-09-22,252.036865234375,255.28051872493555,249.81122418035432,253.93314887572123,32290500
2025-09-23,251.16856384277344,253.8632882566711,249.9908602190898,252.54585863312587,26628000
2025-09-24,246.6573944091797,251.85722723296598,245.95876438662486,251.16857220037895,28201000
2025-09-25,245.3100128173828,246.0086580355356,240.26988667693965,243.92272782855147,31020400
2025-09-26,246.0585479736328,248.93292875938775,245.4896689933639,246.58752699597628,18503200
2025-09-29,243.5734100341797,250.65953566268354,242.295910900337,247.3659922504587,32505800
2025-09-30,242.6252899169922,242.8149061000678,238.78280195485732,242.33584768941728,34724300
2025-10-01,244.4217529296875,245.81902814560354,238.1440427490887,240.2798631456683,31658200
2025-10-02,245.210205078125,246.32801300536266,241.82682587144092,244.6712510924991,25483300
2025-10-03,244.8708953857422,245.8190372139174,241.18809864914257,244.0125741538274,30249600
2025-10-06,249.94094848632812,250.82922509816828,244.10238160883648,244.30198799944458,28894700
2025-10-07,245.2800750732422,249.95094390133718,245.04055349112926,247.78518329877946,23181300
2025-10-08,244.14230346679688,245.52958847857047,243.3438778825467,244.4816510919942,21307100
2025-10-09,241.05833435058594,244.28202248032238,238.68297718710045,243.99259549865826,27892100
2025-10-10,236.10801696777344,243.61332042411627,235.37943159764913,240.9585114020794,33180300
2025-10-13,243.6732177734375,244.02254038501275,239.2419009980627,239.74092459803205,24995000
2025-10-14,244.97068786621094,246.63742490132327,240.04033214741565,240.75892736637323,22111600
2025-10-15,250.53977966308594,251.61767243328853,245.5096286311317,246.76716258187247,27007700
2025-10-16,250.96896362304688,256.4582081692579,249.61161877856424,251.27835582828322,27997200
2025-10-17,252.80535888671875,253.72356048353365,247.32607427452788,250.27031046967195,29671600
2025-10-20,256.04901123046875,256.82748687148535,253.73354951664797,254.19265795496185,22350200
2025-10-21,249.97091674804688,254.3822836916651,243.67322591369708,254.2425576881656,47312100
2025-10-22,251.19850158691406,255.85936494298178,248.8031791754094,253.87326076642051,35029400
2025-10-23,252.58578491210938,254.54194887812838,251.35819113136333,252.48597410141812,19901400
2025-10-24,259.4124450683594,261.16898745224296,254.82142179583195,256.07894057309267,28655100
2025-10-27,268.7441711425781,269.61249783187736,263.76392512831256,264.30287916974333,35235200
2025-10-28,266.9476623535156,270.2013056862688,265.9795554362353,269.1633281612099,29738600
2025-10-29,274.0338134765625,274.80229881772505,267.14729422835535,267.22712459889897,43580300
2025-10-30,280.9303283691406,291.02057063774566,279.5130879862653,291.02057063774566,74876000
2025-10-31,280.6408996582031,285.44150434001006,276.48901957648127,282.6569440736325,39267900
2025-11-03,283.1659240722656,284.972386884343,279.2535660437013,281.6289230119746,29786000
2025-11-04,276.9980163574219,280.7207127582489,275.72051721535576,276.20955057551157,30078400
2025-11-05,283.75482177734375,285.8607173914154,276.79843096748175,278.32544209852534,31010300
2025-11-06,284.19390869140625,287.78688430464956,280.59097331869594,284.772762601716,37173600
2025-11-07,278.2854919433594,283.225837847663,274.65261591386644,282.6569436244069,34479600
2025-11-10,289.5334777832031,290.2320924976737,282.30759586857965,283.8645774088431,29557300
2025-11-11,290.7411193847656,291.34994399814246,286.75892091303916,287.18807388729897,19842100
2025-11-12,286.15008544921875,291.43975353768866,283.1359940674285,291.11038092678234,24829900
2025-11-13,278.0260314941406,282.2876823136169,276.69861158680555,281.7886586854728,29494000
2025-11-14,275.8702087402344,278.01600396166356,270.1713681999226,270.8799731285475,31647200
2025-11-17,284.4634094238281,293.3759943011471,283.01625922074476,285.2219350622342,52670200
2025-11-18,283.7248229980469,288.23598483976616,277.65671014644306,287.3577289930973,49158700
2025-11-19,292.2381896972656,303.21670857801746,286.07026549054086,286.5992292728396,68198900
2025-11-20,288.884765625,305.8216273232207,288.1062900504894,303.94529376978943,62025200
2025-11-21,299.0747985839844,303.32648898994427,293.2761473513388,295.84113571634185,74137700
2025-11-24,317.9578552246094,318.85612204740676,308.9954110970811,310.52242205466104,85165100
2025-11-25,322.8083801269531,328.187838552192,317.0296784660599,325.5729598317621,88632100
2025-11-26,319.3252258300781,323.86632857763385,316.1713929045335,320.053780820363,51373400
2025-11-28,319.55474853515625,326.2117368304371,316.1713843298485,322.73852157316225,26018600
2025-12-01,314.2751159667969,319.2254218425781,313.27706870792247,317.0796263275952,41183000
2025-12-02,315.1932678222656,317.75825630619534,313.29698432996054,316.1214443613123,35854700
2025-12-03,319.0058288574219,320.9520026070636,313.4866291038915,315.2731421058358,41838300
2025-12-04,316.999755859375,321.73048997615604,314.0854750084747,321.6007694211511,31240900
2025-12-05,320.64263916015625,322.5289631420099,318.5467642354111,318.8661162174194,28851700
2025-12-08,313.3121643066406,320.02342950621124,310.8154143139121,319.63392187795114,33909400
2025-12-09,316.66778564453125,317.57660631064704,311.4945269093235,311.96391713296777,30194000
2025-12-10,319.7937316894531,320.8923078304596,314.27092168020465,315.4194206321133,33428900
2025-12-11,312.02386474609375,320.70257104825845,308.19885677560706,319.66391441105065,42353700
2025-12-12,308.887939453125,314.46067218572114,305.1627773855729,313.29221022339095,35940200
2025-12-15,307.8193359375,311.0151883437652,304.4836813703359,310.91531224146183,29151900
2025-12-16,306.1714782714844,310.3660001485481,302.1966411442108,304.55358908476643,30585000
2025-12-17,296.3342590332031,307.6894729197007,295.7350329501308,307.60959033164653,43930400
2025-12-18,302.0668029785156,303.56485302569047,298.8410213827925,301.32777470817274,33518000
2025-12-19,306.7607116699219,306.85059101726483,300.5787559089981,301.33777770154796,59943200
2025-12-22,309.3773193359375,309.7268704705607,304.90313186415943,309.4771954426739,26429900
2025-12-23,313.94134521484375,314.5305745464577,308.91788552805923,309.2274800840275,25478700
2025-12-24,313.6816711425781,314.67037436380235,311.5145092668577,314.360779810128,10097400
2025-12-26,313.10247802734375,314.6804107746781,311.8740659325972,314.0712183432231,10899000
2025-12-29,313.15240478515625,313.6117983030154,310.2162240166622,310.9652491009125,19621800
2025-12-30,313.4420166015625,316.5379928503015,312.0538089034933,312.09376543928346,17380900
2025-12-31,312.5931091308594,314.17104176667254,311.03513952358344,312.4433102220648,16377700
2026-01-02,314.74029541015625,322.0807464242433,309.9265541489014,316.4880203907529,32009400
2026-01-05,316.1285095214844,318.60526603903236,314.2209888461081,317.2470486555906,30195600
2026-01-06,313.9313659667969,320.5227923064431,311.3746963103618,315.9886856047422,31212100
2026-01-07,321.56146240234375,325.72602466406613,313.78158025326775,313.9513421990662,35104400
2026-01-08,325.0169372558594,329.8905982345552,321.08205673508803,328.54234711069296,31896100
2026-01-09,328.14288330078125,330.3999246926398,325.37646465172014,326.6647962522232,26214200
2026-01-12,331.4285888671875,333.6057781716088,324.5775210522192,325.37646891287716,33923900
2026-01-13,335.5332336425781,340.04734658205444,333.18628259299794,334.5145706345901,33517600
2026-01-14,335.4034118652344,336.08252056576845,330.05039437456895,334.62442706687915,28525600
2026-01-15,332.347412109375,337.25103316994193,330.3100554080323,337.2110766328429,28442400
2026-01-16,329.5710144042969,334.2149635116852,327.27401649506595,333.97528525413946,40341600
2026-01-20,321.5814208984375,327.30398324237245,320.01345448184367,320.4528849486331,35361000
2026-01-21,327.953125,332.0478012719212,318.9348648307384,320.50283121296127,35386600
2026-01-22,330.11029052734375,334.7142826747097,328.3226090802118,334.0152109953496,26253600
2026-01-23,327.5036926269531,333.2562145369407,327.0243361197249,332.05776231305794,27280000
2026-01-26,332.8267822265625,335.4034148973675,326.5749102768944,327.3838548641184,26042100
2026-01-27,334.1150817871094,337.4707297257924,333.04649592160257,334.93402312381306,21636200
2026-01-28,335.57318115234375,337.10119086219134,331.5084650266126,335.6231039588608,27434400
2026-01-29,337.810302734375,341.8450595994438,326.11553330804276,339.857625711299,39785600
2026-01-30,337.56060791015625,339.5580079569619,331.8580393103398,339.5580079569619,31024000
2026-02-02,343.2431945800781,344.38169669555197,335.193675272949,335.7829045969607,32006100
2026-02-03,339.26837158203125,348.5463032010534,337.0312933144156,346.8884575284791,36506700
2026-02-04,332.6070861816406,342.8637251238478,328.0929422734009,342.51417399710857,70618400
2026-02-05,330.81939697265625,332.2575275064077,306.06161379445837,311.81413592946416,88205800
2026-02-06,322.4402770996094,329.95052083207565,319.50412705068965,326.75466854448496,56380500
2026-02-09,323.8984069824219,327.2740180221729,316.84758707958963,320.5127991892576,39640100
2026-02-10,318.16583251953125,321.25184233940706,314.2009923012897,320.5527401483992,39170000
2026-02-11,310.55572509765625,320.6426005966259,309.25742736560915,318.5553213774315,45406400
2026-02-12,308.59832763671875,315.82890653132813,306.80067966689137,311.684307255737,47761300
2026-02-13,305.32257080078125,308.2287915112591,303.31517401115394,307.32996759040856,38499700
2026-02-17,301.6273498535156,304.0442171582303,295.86486207725466,299.6499434457439,39247600
2026-02-18,302.9356689453125,304.983022308801,300.8583862777236,301.6972906518214,28482100
2026-02-19,302.456298828125,305.0728879320441,299.64995428739604,301.42763905495286,25834400
2026-02-20,314.570556640625,316.0885697634931,303.5049428811186,303.9244103176242,53210800
2026-02-23,311.0850524902344,319.1046122516075,309.4671633706354,318.6352220336332,31423000
2026-02-24,310.495849609375,311.8640638461802,305.53230897934316,310.11633870149166,25615600
2026-02-25,312.4932556152344,313.23231441520727,309.03776179839537,311.65435118745364,29963600
2026-02-26,306.98040771484375,312.73292940852764,301.95694798569707,312.2335794136705,36431200
2026-02-27,311.354736328125,311.9639287272481,303.4050620118916,303.7446468483449,44640600
2026-03-02,306.12152099609375,308.0889612664211,300.908305641281,302.83581985466094,34790200
2026-03-03,303.1853332519531,303.5448811012492,296.3242691134317,298.2018299939976,35497000
2026-03-04,302.7359619140625,305.07291645770977,300.3590508331652,302.49628364637806,29536200
2026-03-05,300.4888916015625,302.90572878105803,297.60263367704704,302.6460874794852,35752300
2026-03-06,298.1319274902344,300.1393243405422,294.7962729857715,295.7050936872067,25576900
2026-03-09,306.1770935058594,306.6168332730834,293.9044256827884,294.1842573074437,29312100
2026-03-10,306.8567199707031,309.3252467158022,305.3875962722132,305.98724420005084,23239700
2026-03-11,308.5157470703125,311.23412470378855,305.7374076911934,306.56689883882945,24125700
2026-03-12,303.3687744140625,308.7555713296518,300.8502897843219,306.636841807898,24928300
2026-03-13,302.09954833984375,307.50632242162294,300.26065041451466,306.8267356773544,23693100
2026-03-16,305.3775939941406,306.3070315122431,302.8391017033621,304.16832484157635,23519700
2026-03-17,310.7344055175781,311.2341070358109,305.3176276402165,305.67739809365116,21955200
2026-03-18,307.5063171386719,312.28346234614037,306.74676108497374,309.0853604878573,20009800
2026-03-19,306.9466552734375,307.8760927647981,302.16951004441273,303.8285227221892,25075800
2026-03-20,300.8203125,305.8173276578073,298.0919312440676,305.2776414809433,44364100
2026-03-23,301.87969970703125,305.7973733016039,300.75036931754545,301.92965766257777,29326900
2026-03-24,290.2666320800781,299.7409842283802,290.15668188195673,299.02141279307426,36864300
2026-03-25,290.7563171386719,295.82329783701033,289.0673235725591,293.2648285118823,29460700
2026-03-26,280.7523193359375,287.7781215852462,278.33375052565475,287.7381369232671,39080600
2026-03-27,274.1762390136719,279.203235317384,273.7864876697142,277.1144865271076,35890600
2026-03-30,273.33673095703125,276.9245842043685,271.9475460941929,276.2550012483934,35141200
2026-03-31,287.3883361816406,287.9080147834651,276.9245851168754,277.87403020607053,43875400
2026-04-01,297.2124938964844,300.34059988895723,290.23664948178913,290.6663854824321,37684500
2026-04-02,295.59344482421875,297.90206355243157,289.2772403921399,290.5164904801884,21666500
2026-04-06,299.8109130859375,300.4405418912755,295.0037868253031,295.69337737406744,16945500
2026-04-07,305.27764892578125,305.4475608650088,297.5422790326475,302.54929810267237,23205400
2026-04-08,317.1305847167969,321.88772251879675,314.8319393907938,320.25872115869026,33547100
2026-04-09,318.29986572265625,319.3492572184689,310.8743084256086,315.72141928886384,23739200
2026-04-10,317.0506286621094,321.6378852163977,316.1311948927162,319.8289680511782,19152600
2026-04-13,321.1181945800781,321.43801087893695,315.28168437302884,316.9507009019676,18866400
2026-04-14,332.7112731933594,333.09105123243734,323.5567375910905,324.59612530340485,27721400
2026-04-15,336.91876220703125,337.278563176308,330.70247381548376,332.69130668872015,24918800
2026-04-16,335.81939697265625,339.67710854893676,334.3202924195682,338.5477782390461,20541500
2026-04-17,341.4760437011719,342.1156763245155,336.0392884001999,337.4484504303517,25581900
2026-04-20,337.2185974121094,341.1962021124509,336.40905286572576,340.55660000710446,18784200
2026-04-21,332.0916442871094,339.13742351057505,331.1522029907326,337.48841459650436,23123800
2026-04-22,339.1174621582031,339.6171637007564,334.96994545488326,336.818816762841,20293000
2026-04-23,338.6877136230469,341.7558578013153,335.97930940305434,340.9763246437424,18650300
2026-04-24,344.19439697265625,345.06387272769797,335.1897964239415,338.5277988797623,26426100
2026-04-27,350.130859375,352.9691603649003,342.5254168368208,345.77347673538645,28576900
2026-04-28,349.5711975097656,352.20963620070955,345.91337868788094,348.34192077884484,27824100
2026-04-29,349.7311096191406,355.5776236260777,344.0045190996302,347.36252924438134,35376300
2026-04-30,384.5702819824219,385.6096696957082,365.60163158627074,373.8467067603946,72040000
2026-05-01,385.45977783203125,386.52914645154755,378.82372671588394,381.4022037517389,30105200
2026-05-04,383.0212097167969,387.14874909409923,379.56328378663693,385.39979379858875,26298600
2026-05-05,388.1981201171875,392.58551415458055,383.79074899852696,385.99945170269467,23878600
2026-05-06,397.8023986816406,399.61131576273664,392.52555179602564,394.0146525811788,31308500
2026-05-07,397.7524108886719,399.8611671879692,392.4455831227277,399.6812819584635,24433500
2026-05-08,400.56072998046875,401.76002583943523,396.1233780013978,396.7630105926761,21461800
2026-05-11,388.40802001953125,397.2027547509894,388.23810807955056,393.41500861238904,30753700
2026-05-12,387.1187744140625,388.28805889354703,382.541491402114,387.10877062384725,26017500
2026-05-13,402.3796691894531,403.4590416115898,384.77019153718186,385.3698394939953,28144600
2026-05-14,400.8305969238281,402.6894719958145,395.6037078837972,397.04285074569174,21136700
2026-05-15,396.54315185546875,399.30151410906007,392.9452946767326,396.0834349796574,20309700
2026-05-18,396.70306396484375,408.36608091552193,394.29449886421145,395.4538101055549,26837200
2026-05-19,387.4285888671875,396.91291402359946,385.8794958446922,396.72302500471704,39545700
2026-05-20,388.6778564453125,393.62488340369265,382.6714341601505,387.4685872554011,31744400
2026-05-21,387.4285888671875,392.2656959548347,382.7913440893277,385.46976743485186,24852800
2026-05-22,382.74139404296875,388.5079387636157,381.54209816202837,387.1187843592316,20442100
2026-05-26,388.6478576660156,389.0276356997364,382.3716078175452,384.2804712769477,27747400
2026-05-27,388.5978698730469,393.64487351491664,385.66962629134815,386.4391861502527,23087300
2026-05-28,389.8971252441406,391.6360768291116,384.9300907577927,387.76839182151133,24357500
2026-05-29,380.1129455566406,385.0100143138995,378.2340629764561,385.0100143138995,44415800
2026-06-01,376.14532470703125,378.3340198477676,373.2970198869562,376.2952290661171,28672100
2026-06-02,361.6340026855469,373.31702687507857,358.2260345973877,366.371163421305,50412300
2026-06-03,358.77569580078125,366.2312646097652,357.8662353535933,361.81388965190393,55441600
2026-06-04,371.96783447265625,373.0271992966173,357.99616844622375,358.68575901079333,44055500
2026-06-05,368.30999755859375,371.8578661166277,363.90262653478294,366.1213024821565,37471200
2026-06-08,363.30999755859375,366.20001220703125,360.5299987792969,365.17999267578125,27942500
2026-06-09,364.260009765625,372.0799865722656,357.29998779296875,367.0899963378906,29535100
2026-06-10,356.3800048828125,368.55999755859375,355.20001220703125,363.19000244140625,32357100
2026-06-11,357.7699890136719,358.79998779296875,346.3599853515625,355.92999267578125,35538200
2026-06-12,359.67999267578125,366.57000732421875,354.94000244140625,362.6199951171875,24704600
2026-06-15,369.3500061035156,372.989990234375,366.54998779296875,367.92999267578125,27727500
2026-06-16,373.25,376.0,367.05999755859375,369.6000061035156,24876100
2026-06-17,363.7900085449219,372.3299865722656,362.0199890136719,369.1300048828125,24543600
2026-06-18,368.0299987792969,369.4800109863281,358.6700134277344,365.75,44470100
2026-06-22,349.67999267578125,358.9200134277344,341.7200012207031,357.95001220703125,52814800
2026-06-23,346.1300048828125,349.2900085449219,340.20001220703125,340.69000244140625,34007700
2026-06-24,345.2900085449219,353.4800109863281,341.92999267578125,349.0400085449219,44997300
2026-06-25,343.7099914550781,345.57000732421875,335.8399963378906,336.7300109863281,44491400
2026-06-26,337.3900146484375,346.3599853515625,330.20001220703125,342.54998779296875,114706300
2026-06-29,353.6499938964844,354.3500061035156,340.6700134277344,341.8299865722656,34213900
2026-06-30,357.3699951171875,358.6199951171875,350.3999938964844,353.8699951171875,35237200
2026-07-01,361.2099914550781,362.9700012207031,356.42999267578125,358.3699951171875,26736400
2026-07-02,359.9100036621094,364.2099914550781,353.4200134277344,359.4800109863281,25974800
2026-07-06,366.4599914550781,367.92999267578125,357.3800048828125,361.54998779296875,26915800
2026-07-07,367.0299987792969,373.1600036621094,365.5,369.07000732421875,24045600
2026-07-08,361.9200134277344,367.8399963378906,358.0199890136719,364.760009765625,22094800
2026-07-09,358.8900146484375,359.6499938964844,351.0799865722656,354.30999755859375,24729100
2026-07-10,357.17999267578125,357.82000732421875,352.75,357.5299987792969,18146100
2026-07-13,352.510009765625,358.1300048828125,351.75,356.19000244140625,15901700
2026-07-14,359.510009765625,360.1600036621094,351.0899963378906,351.20001220703125,18259400
2026-07-15,370.9200134277344,373.6499938964844,357.760009765625,357.9700012207031,28284600
2026-07-16,354.4599914550781,375.2699890136719,352.29998779296875,373.05999755859375,41158500
2026-07-17,346.7699890136719,348.5199890136719,341.3599853515625,346.0,29959300
2026-07-20,351.989990234375,359.67999267578125,350.5199890136719,350.8800048828125,24736600
2026-07-21,347.1499938964844,351.32000732421875,347.0,351.32000732421875,23369800
2026-07-22,342.0899963378906,349.94000244140625,341.7300109863281,348.1600036621094,39334100
2026-07-23,317.69000244140625,324.489990234375,314.8999938964844,321.1300048828125,69419700
2026-07-24,319.739990234375,324.17999267578125,317.32000732421875,318.4200134277344,31806600
2026-07-27,326.55999755859375,330.4200134277344,324.45001220703125,325.0400085449219,28471600
2026-07-28,333.7099914550781,335.8800048828125,324.44000244140625,327.8999938964844,29511900
2026-07-29,336.7099914550781,342.5,331.6199951171875,334.6700134277344,27501600
2026-07-30,333.6600036621094,336.510009765625,330.3399963378906,334.20001220703125,30168000
2026-07-31,356.1300048828125,358.5799865722656,340.0,340.8299865722656,46498000
2026-08-03,373.510009765625,376.69000244140625,363.3500061035156,365.45001220703125,38669700
2026-08-04,377.6499938964844,380.5199890136719,367.5,368.2200012207031,35705700
2026-08-05,362.42999267578125,384.4800109863281,356.7699890136719,383.3399963378906,46926300
2026-08-06,357.75,364.1300048828125,356.8800048828125,360.7699890136719,25235900
2026-08-07,354.29998779296875,358.8999938964844,353.7799987792969,356.7200012207031,19859900
2026-08-10,357.5199890136719,357.6099853515625,352.7099914550781,355.17999267578125,18991400
2026-08-11,343.79998779296875,356.80999755859375,343.3900146484375,355.8900146484375,29081800
2026-08-12,343.5400085449219,346.4800109863281,340.8800048828125,346.30999755859375,25012000
2026-08-13,346.3599853515625,347.92999267578125,343.760009765625,345.7699890136719,17866100
2026-08-14,345.8999938964844,350.45001220703125,344.5,346.79998779296875,17753300
